city,district,cold_price,object_age,flat_area,room_count,distance_to_centre
Norderstedt,Harksheide,1250,0,88,2,6.016562989
Kaltenkirchen,Kaltenkirchen,1700,23,171.31,4,0.411129512
Hamburg,Altona-Altstadt,790,125,41,2.5,3.968526719
Hamburg,Altona-Nord,1868.75,6,74.75,2.5,0.554544055
Hamburg,Bahrenfeld,1950,19,93,3,5.449919474
Hamburg,Eimsbüttel,1060,1,53.2,2,0.69118238
Hamburg,Othmarschen,1777.77,,86,3,3.622012059
Hamburg,Hoheluft-West,1050,122,66,2,0.207944497
Hamburg,Stellingen,532.5,8,25,1,1.137215346
Hamburg,Stellingen,1303.44,9,79.61,3,1.089405429
Hamburg,St. Georg,1770,163,83,2,0.292502408
Hamburg,St. Georg,1402.53,9,78.72,2,0.424657574
Hamburg,St. Georg,1345,1,62,2,7.352770683
Hamburg,Lokstedt,2596,-1,58.23,2,0.977092211
Hamburg,Uhlenhorst,3000,128,95,4.5,6.322729513
Hamburg,Uhlenhorst,1299,0,65.35,2,5.252060335
Hamburg,Osdorf,3700,25,197,5,3.961069876
Hamburg,Wilhelmsburg,786.9,123,54.12,2,1.24687556
Hamburg,Osdorf,890.44,71,65.91,3,1.829888208
Hamburg,Wilhelmsburg,591.99,125,44.78,2,1.280272556
Hamburg,Wilhelmsburg,640.47,123,43.51,2,1.280272556
Hamburg,Osdorf,1750,0,80.4,3,0.511780399
Hamburg,Wilhelmsburg,484.24,49,85.4,4,1.652408097
Hamburg,Winterhude,1460,93,94,3.5,0.687377988
Hamburg,Wilhelmsburg,948.94,0,52.55,2,1.355967428
Hamburg-Hamm,Hamm,1063.59,9,62.18,2,0.337788205
Hamburg,Eidelstedt,1334.11,11,89,3,0.861113907
Hamburg,Barmbek-Nord,3855,0,170,5,0.89414975
Hamburg,Niendorf,898,28,66.5,2.5,1.249436178
Hamburg,Horn,758.91,63,63.56,3,1.032600308
Hamburg,Blankenese,940,173,65,2,5.659274148
Hamburg,Bramfeld,1003,4,60.91,2,2.650280958
Hamburg,Groß Borstel,550,87,50,2,5.904760702
Hamburg,Horn,1000,67,51,2,1.182800043
Hamburg,Blankenese,1420,4,74,2,1.661315405
Hamburg,Schnelsen,1600,1,75,3,7.007833222
Hamburg,Eißendorf,2800,0,137,5,2.928381293
Hamburg-Bramfeld,Bramfeld,685.71,5,76.19,3,0.811358157
Hamburg,Hummelsbüttel,2300,23,140,,0.545554914
Halstenbek,Halstenbek,1299,22,119,3,0.620622686
Hamburg,Jenfeld,1230.16,2,81.14,2,0.398670894
Hamburg,Jenfeld,1798.72,3,129.46,4,0.536951437
Hamburg,Jenfeld,1354.68,2,84.68,3,0.416484812
Hamburg,Jenfeld,1138.86,2,83.86,2,0.381666992
Hamburg,Jenfeld,1314.41,2,89.7,3,0.451618813
Hamburg-Jenfeld,Tonndorf,1291.86,1,93.28,3,0.145065196
Hamburg,Bramfeld,1328.81,0,93.25,3,7.252651567
Hamburg,Bramfeld,1349.08,0,94.67,3,3.214001206
Oststeinbek,Oststeinbek,530,40,50,2,3.138807056
Rellingen,Rellingen,750,29,69,2,5.798701436
Wedel,Schulau Ost,588.4,63,58.84,3,0.127996473
Seevetal,Fleestedt,550,63,35,1,4.368981793
Hamburg,Langenhorn,1031.3,16,79.44,3,2.12745143
Pinneberg,Quellental,1295,1,78.28,2,0.679992886
Pinneberg,Quellental,1680,,141.74,3,0.679992886
Pinneberg,Quellental,420.7,49,42.07,2,1.485481284
Pinneberg,Quellental,678.1,49,67.81,2.5,1.485481284
Wedel,Marienhof,1415,3,97.64,3,0.495299807
Hamburg,Rahlstedt,1250,2,63,2.5,2.711141295
Buxtehude,Buxtehude,496.53,28,53.39,2,1.513913462
Buxtehude,Buxtehude,806.13,30,67.98,2.5,1.378671523
Seevetal,Maschen,810.57,47,79.08,3,0.271929378
Norderstedt,Garstedt,417.61,26,42.24,2,2.566455283
Hamburg,Volksdorf,2025,45,170,4,6.34051385
Glinde,Glinde,630,58,50.57,2,31.18651321
Hamburg-Bergedorf,Bergedorf,1586.07,8,96.4,3,0.594821529
Hamburg-Bergedorf,Bergedorf,1320,8,88,3,0.556086343
Hamburg-Bergedorf,Bergedorf,1361.62,8,88,3,0.543356311
Hamburg,Volksdorf,1281.02,33,49.27,2,0.456715873
Buxtehude,Buxtehude,500,24,31.45,1,0.299959195
Reinbek,Reinbek,795,3,59,2,4.223340747
Reinbek,Reinbek,1040,3,80,2,4.223340747
Reinbek,Reinbek,428,,22,1,1.468861937
Buxtehude,Buxtehude,1300,1,91,2,1.058825897
Reinbek,Reinbek,390,40,33,1,1.107879597
Reinbek,Reinbek,485,67,43.61,2,1.251692022
Wenzendorf,Wenzendorf,1150,23,140,4,4.483341343
Apensen,Apensen,1000,4,82,3,0.880309552
Hollern-Twielenfleth,Siebenhöfen,675,,60,2,0.444254984
Buchholz in der Nordheide,Steinbeck,720,40,67,2,1.595034261
Norderstedt,Norderstedt,925,54,138,3,3.493756863
Winsen (Luhe),Winsen,291,44,48.51,2,1.371082523
Buchholz in der Nordheide,Sprötze,865,5,84,2,1.528645513
Elmshorn,Elmshorn,871.5,32,83,2,0.680095725
Harsefeld,Harsefeld,750,25,71.34,3,0.609465241
Todendorf,Todendorf,800,27,100,5,76.52646881
Kaltenkirchen,Kaltenkirchen,642.5,38,55.29,2,0.636164718
Stade,Stade,740,60,71,3,1.937865623
Stade,Stade,510,60,57,2,1.973271541
Winsen (Luhe),Rottorf,1350,0,90,3,0.109370444
Winsen (Luhe),Rottorf,1350,0,90,3,0.109370444
Winsen (Luhe),Rottorf,1050,0,70,2,0.109370444
Schwarzenbek,Schmiedekamp,470.25,80,49.5,2,0.495919831
Schwarzenbek,Schmiedekamp,305,70,27.21,1,0.313768015
Schwarzenbek,Nord-Ost,695,53,69.16,2.5,0.387209347
Elmenhorst,Elmenhorst,750,50,79.78,3,2.677739027
Reppenstedt,Reppenstedt,268,48,38.3,1,0.504801401
Glückstadt,Glückstadt,380,69,50.1,3,0.818794996
Glückstadt,Glückstadt,300,69,37.47,2,0.839239308
Lüneburg,Weststadt,227.54,33,21.67,1,0.063964542
Lüneburg,Schützenplatz,529.6,69,52.96,3,0.323072557
Lüneburg,Neu Hagen,753.65,55,77.06,3,0.83329481
Lüneburg,Kaltenmoor,534.87,54,55.89,2,0.10271185
Lüneburg,Kaltenmoor,540.21,53,57.53,2,0.047103858
Lüneburg,Kaltenmoor,522.13,53,57.63,2,0.047103858
Reinfeld,Reinfeld,685,1,57.44,2,213.7865141
Bad Segeberg,Bad Segeberg,970,0,82.8,3,1.02032288
Hamburg,Ottensen,3330,,106,4,6.046014551
Hamburg,Othmarschen,1860,9,98.2,3,1.144063854
Hamburg,HafenCity,2650,13,88,2,6.169952621
Hamburg,Rotherbaum,3675,,107,3,2.695327769
Hamburg,Rotherbaum,2415,123,110.21,3,0.232012995
Hamburg,Rotherbaum,2415,123,115,3,0.232012995
Hamburg,Stellingen,1190,64,50,2,1.633255769
Hamburg,Harvestehude,2574.74,0,117.5,3,0.562511202
Hamburg,St. Georg,900,63,45,1.5,0.19325156
Hamburg,Wilhelmsburg,520,,40,1,5.182118283
Hamburg,Harvestehude,2840,115,142,4,0.822241424
Hamburg,Kleiner Grasbrook,595.47,,52,3,3.090772728
Hamburg,Kleiner Grasbrook,698.19,,50,2,2.419585743
Hamburg,Hohenfelde,1300,133,60,2.5,0.164487707
Hamburg,Harvestehude,4000,116,255,6.5,1.27347358
Hamburg,Uhlenhorst,650,64,21,1,0.148891494
Hamburg,Hohenfelde,1300,58,40,2,0.101191463
Hamburg,Uhlenhorst,2100,53,115,3,0.276585685
Hamburg,Uhlenhorst,2100,53,115,3,0.276585685
Hamburg,Eppendorf,5800,,210,5,5.693643327
Hamburg,Winterhude,3350,118,214,4,4.415839109
Hamburg,Eppendorf,1145.45,9,56,1,2.532264768
Hamburg,Winterhude,965,68,23.3,1,0.952587219
Hamburg,Winterhude,965,68,23.3,1,0.952587219
Hamburg,Hohenfelde,1080,68,46,2,0.775584382
Hamburg,Hohenfelde,1080,68,46,2,0.775584382
Hamburg,Hohenfelde,1350,71,50.23,2,0.775584382
Hamburg,Hohenfelde,1080,68,46,2,0.775584382
Hamburg,Hohenfelde,1350,71,50.23,2,0.775584382
Hamburg,Barmbek-Süd,1000,103,50,2,1.4285037
Hamburg,Barmbek-Süd,1220,103,56,2,1.4285037
Hamburg,Winterhude,900,55,40,1.5,0.207990137
Hamburg,Wilhelmsburg,500,,39,2,1.174648303
Hamburg,Niendorf,750,37,83,2,4.10355476
Hamburg,Rothenburgsort,438,62,49,2,0.929907684
Hamburg,Hamm,3000,110,125,4,0.89949055
Hamburg,Eilbek,1100,,53,2.5,0.590168554
Hamburg,Iserbrook,1240,4,81,3,0.792387111
Hamburg,Alsterdorf,1980,48,103,3,0.174603808
Hamburg,Barmbek-Nord,1320,79,88,3,0.954630286
Hamburg,Eidelstedt,1120,6,79.01,3,1.649782722
Hamburg,Eidelstedt,1465,6,100.13,3,1.649782722
Hamburg,Eidelstedt,1655,6,112.98,3,1.649782722
Hamburg,Hausbruch,810,33,82.22,3.5,1.031901803
Hamburg,Niendorf,775,63,62.03,1.5,4.035514646
Hamburg,Barmbek-Nord,1650,,105,4,0.510115396
Hamburg,Blankenese,3474.25,123,199,7,2.559769769
Hamburg,Blankenese,2006.4,61,120,4,6.673672076
Hamburg,Barmbek-Nord,1150,993,58,3,0.30456586
Hamburg,Barmbek-Nord,1150,65,58,3,0.30456586
Hamburg,Schnelsen,950,51,85,2.5,1.323348272
Hamburg,Marienthal,1100,72,66,2.5,0.3253298
Hamburg,Alsterdorf,850,39,31,1,3.403347393
Hamburg,Schnelsen,458,54,41,1,4.207718935
Hamburg,Niendorf,1050,51,55,2,0.604145011
Hamburg,Schnelsen,970,25,40,1,0.756698905
Hamburg,Harburg,830,,66,,1.292448008
Hamburg,Harburg,545,69,49.2,2,0.988613155
Hamburg,Harburg,1199,58,78,3,0.59441815
Hamburg,Bramfeld,1158.55,2,68.15,2,1.97428013
Hamburg,Bramfeld,881.63,2,46.92,1,1.95813281
Hamburg,Blankenese,995,57,63,2,4.05509829
Hamburg,Eißendorf,555,73,66.22,2.5,0.887108362
Hamburg,Niendorf,1130,29,71,2,3.200111464
Hamburg,Harburg,511.75,123,48.05,2,0.338966513
Hamburg,Bramfeld,740.32,58,52.88,2,0.459718988
Hamburg,Wilstorf,611,123,47,2,0.705722391
Hamburg,Billstedt,389,61,39,1,7.194326003
Neu Wulmstorf,Neu Wulmstorf,766,23,75.16,2,1.05125421
Hamburg,Rissen,850,53,77.84,3,0.681610699
Hamburg,Rissen,1110,10,78.48,2.5,0.321320042
Hamburg,Rissen,980,10,74.81,2,0.321320042
Hamburg,Wellingsbüttel,1550,56,112,3,0.979730542
Hamburg,Langenbek,700,119,61,3,0.63796417
Norderstedt,Garstedt,630,45,59.95,2,0.637003159
Norderstedt,Garstedt,640,31,66.89,2.5,0.401186883
Norderstedt,Harksheide,1645,27,160,5,8.031577205
Pinneberg,Pinneberg-Nord,1450,64,133,5,0.948285735
Hamburg,Sasel,1549,19,116,3.5,0.771644134
Seevetal,Maschen,869,50,79,3,1.094829156
Hamburg,Sasel,1600,19,80,2,1.53906741
Glinde,Glinde,830,40,69,2,29.61417491
Buxtehude,Buxtehude,450,30,45.67,1,4.997201933
Buxtehude,Buxtehude,290,60,31,1,4.123289449
Hamburg,Bergedorf,2390,38,210,7,4.039190216
Rosengarten,Nenndorf,70,0,107,3,0.452791107
Buxtehude,Buxtehude,840,,67,2.5,0.51805754
Hamburg,Bergedorf,1135,96,87.8,2,1.646110979
Wentorf bei Hamburg,Wentorf bei Hamburg,2400,42,159,4,0.414732417
Hamburg,Wohldorf-Ohlstedt,750,30,64,2,0.972492276
Buxtehude,Hedendorf,600,58,66,2.5,4.627196722
Buxtehude,Hedendorf,378,50,43,2,2.393025132
Moisburg,Moisburg,590,70,73.84,2,4.092048497
Buchholz in der Nordheide,Buchholz,875.82,45,79.62,2,0.370480469
Stade,Ottenbeck,690,,86,4,0.875271389
Guderhandviertel,Guderhandviertel,910,1,70.33,2,1.550664703
Hollern-Twielenfleth,Hollern-Twielenfleth,1110,1,94.85,4,3.337892853
Winsen (Luhe),Winsen,950,49,105,4,5.715636793
Winsen (Luhe),Winsen,1100,49,123,5,8.418462804
Jesteburg,Jesteburg,1600,5,90.99,2,6.216952694
Jesteburg,Jesteburg,1600,5,90.99,2,0.130132728
Jesteburg,Jesteburg,1350,5,113,4,0.130132728
Jesteburg,Jesteburg,1350,5,113,4,5.849707539
Norderstedt,Norderstedt,950,51,90,3,2.938769208
Stade,Ottenbeck,740,50,114.33,3,1.315393519
Winsen (Luhe),Winsen,940,22,79.7,3,0.64221058
Elmshorn,Elmshorn,990,28,110.09,3,2.49236855
Klein Nordende,Klein Nordende,580,70,60.55,2,2.958746387
Elmshorn,Elmshorn,795,34,83.71,3,2.319501814
Elmshorn,Elmshorn,635,58,60.14,2,0.130297848
Elmshorn,Elmshorn,635,58,60.14,2,0.130297848
Raa-Besenbek,Raa-Besenbek,545,,57.65,2.5,3.78586886
Stade,Stade,840,0,55.77,2.5,6.536456269
Stade,Stade,450,21,49.63,2,0.579333156
Stade,Stade,490,28,50,2,6.508683953
Harsefeld,Harsefeld,565,30,65,2,0.63447785
Stade,Stade,360,6,31.6,1,5.055378596
Geesthacht,Besenhorst,695,39,70,3,1.115366426
Stade,Stade,495,18,53.22,2,5.848464771
Stade,Stade,790,,71,3,3.570309167
Stade,Stade,565,53,76.86,3,4.826050025
Stade,Stade,615,53,76.86,3,5.988239943
Stade,Stade,595,22,55,2,5.664489141
Harsefeld,Harsefeld,1100,4,102.32,3,6.872029741
Hanstedt,Hanstedt,770,33,71.48,3,119.8530307
Stade,Stade,475,52,49,1,4.609381771
Kaltenkirchen,Kaltenkirchen,765,50,85,3,0.103457535
Stade,Stade,650,26,71.79,3,2.051438012
Tostedt,Tostedt,700,2,60.34,2,1.533968179
Stade,Wiepenkathen,576.72,,67.85,3,0.575285978
Stade,Wiepenkathen,645,51,75.73,3.5,6.162042745
Kiebitzreihe,Kiebitzreihe,652,113,87,3,1.106776277
Drochtersen,Drochtersen,895,0,83.63,4,1.930943607
Bad Bramstedt,Bad Bramstedt,310,52,32.58,1,3.808395934
Himmelpforten,Himmelpforten,630,49,88,3,6.326042942
Drochtersen,Dornbusch,625,63,77.78,3,4.864466982
Lüneburg,Lüne-Moorfeld,600,59,60.03,3,4.623838265
Schneverdingen,Schneverdingen,420,,56,2,3.702984526
Itzehoe,Itzehoe,315,123,33,1.5,2.08577747
Mölln,Waldstadt,928,84,102,4,0.844668658
Schmilau,Schmilau,1082,,120.3,4.5,1.541536404
Hamburg / Altona-Altstadt,Altona-Altstadt,5750,11,160,4,7.604741808
Hamburg,Lokstedt,900,,65,3,1.178942642
Hamburg Altona-Nord,Altona-Altstadt,2980,23,155,4,
Hamburg,Wilhelmsburg,820,,48,2,3.216281267
Hamburg,Lokstedt,600,,45,2.5,1.4904823
Hamburg,Ottensen,1058,,65,3,3.655519431
Hamburg,St. Pauli,650,,80,3,4.472928158
Hamburg,Ottensen,960,,65,3,2.625988529
Hamburg,Eimsbüttel,689,,40,1,0.822307851
Hamburg,St. Pauli,720,,31,1,5.026631405
Hamburg,Ottensen,1790,,106,3,1.965809305
Hamburg,Ottensen,650,,65,2.5,6.023187551
Hamburg,Wilhelmsburg,900,,65,3,1.485479752
Hamburg,Altona-Altstadt,1700,,96,4.5,4.852068038
Hamburg,Altona-Nord,1129.22,4,62.25,2,0.343593389
Hamburg,Ottensen,5500,19,151,3,5.270138362
Hamburg,Waltershof,400,,32,1,0.49664947
Hamburg,Alsterdorf,750,,55,2,1.1525808
Hamburg,Altona-Nord,2307.85,,137.14,5.5,0.255033325
Hamburg,Bahrenfeld,1200,,76,3,4.828550153
Hamburg,Wilhelmsburg,1350,,63,2,2.420890596
Hamburg,Sternschanze,2148,8,78,2,0.477844695
Hamburg,Ottensen,840,,62,2,6.157358611
Hamburg,Ottensen,1500,10,79,2,5.424844748
Hamburg,Wilhelmsburg,820,,52,2.5,4.174786621
Hamburg,Waltershof,1100,,55,2.5,1.282241212
Hamburg,Altona-Nord,470,,45,2,5.391341871
Hamburg,Sternschanze,1350,,76,3,4.666128352
Hamburg,Sternschanze,1000,,75,3.5,3.750058925
Hamburg,Altona-Nord,680,,48,2,5.540425126
Hamburg,Stellingen,960,,68,3,1.450727794
Hamburg,Othmarschen,1000,,75,2,5.729240451
Hamburg,Altona-Nord,600,,50,2.5,5.98773577
Hamburg,Neustadt,1450,,91,3,4.124205756
Hamburg,Eimsbüttel,1135,1,53.2,2,0.793554962
Hamburg,Winterhude,1080,,75,3,0.28540485
Hamburg,Bahrenfeld,1602.5,0,64,3,1.764449733
Hamburg,Bahrenfeld,1400,0,57.3,2,7.614870966
Hamburg,Bahrenfeld,1780.8,0,74.2,3,1.764449733
Hamburg,Bahrenfeld,1090.8,0,40,2,1.764449733
Hamburg,Bahrenfeld,885.6,0,33,1,1.764449733
Hamburg,Bahrenfeld,1083.51,110,57.31,2,1.590318064
Hamburg,Ottensen,1259,2,51.55,2,6.852889708
Hamburg,Eimsbüttel,1016,1,55,2,0.69118238
Hamburg,Bahrenfeld,1499,2,62.75,2,2.69160327
Hamburg,Stellingen,800,,50,2,2.093976687
Hamburg,Bahrenfeld,906,,67,3,1.70467706
Hamburg,Neustadt,950,,64,3,1.6676831
Hamburg,Neustadt,950,,46,2,0.223706491
Hamburg,Eimsbüttel,870,,47,2,3.18557969
Hamburg,Neustadt,554,87,47.04,2.5,4.29490486
Hamburg,Eimsbüttel,800,,50,2,0.720325787
Hamburg,Wilhelmsburg,712,,64,3,2.907663673
Hamburg,Neustadt,642.06,45,78.78,3,0.278904365
Hamburg,Eimsbüttel,650,,65,2,4.156361455
Hamburg,Veddel,1350,,125,5,0.844496881
Hamburg,Eidelstedt,1775,,109,3,0.346064159
Hamburg,Altona-Nord,540,70,39.05,2,1.004085826
Hamburg,Eimsbüttel,1795,121,95,3,4.337673999
Hamburg,Lokstedt,500,,45,2,0.889074297
Hamburg,Othmarschen,735,5,25.51,1,2.958612808
Hamburg / Bahrenfeld,Bahrenfeld,1310,66,76.03,2,1.05279423
Hamburg,Othmarschen,1928.63,103,104.25,3,3.848456142
Hamburg,Neustadt,2355,0,109.06,2.5,5.225321137
Hamburg,Neustadt,2395,0,85.92,3,2.66969892
Hamburg,Neustadt,1460,0,54.23,2,3.234951248
Hamburg,Neustadt,2090,0,72.56,2,5.083500456
Hamburg,Neustadt,1950,0,68.85,2,3.682447967
Hamburg,Hamburg-Altstadt,3980,9,174.78,3,5.789143749
Hamburg,Neustadt,5200,3,244,6,4.059089584
Hamburg,Rotherbaum,1965,140,101,4,4.405804959
Hamburg,Rotherbaum,740,64,26,1,0.826045244
Hamburg,Stellingen,650,,57,3,0.26836232
Hamburg,Hamburg-Altstadt,3252.89,0,141.43,3,3.518488291
Hamburg,Othmarschen,1309,10,80.85,3,4.250351123
Hamburg,Eimsbüttel,1045,65,63.36,2.5,7.053819281
Hamburg,Eimsbüttel,872,2,29.39,1,0.652498785
Hamburg,Stellingen,571,,50,3,0.317566937
Hamburg,Eimsbüttel,2375,95,125.1,4,0.809025495
Hamburg,Rotherbaum,1182,,60,2,5.326643462
Hamburg,Bahrenfeld,635,,73,3,4.294597449
Hamburg,Groß Borstel,816,,52,2,0.611129854
Hamburg,HafenCity,3500,13,95.26,2,3.644876262
Hamburg,HafenCity,2190,13,80,2,0.413060825
Hamburg,Hamburg-Altstadt,1600,,106,3,1.440716882
"Hamburg, HafenCity",HafenCity,2080.1,0,67.58,2,3.025918195
"Hamburg, HafenCity",HafenCity,1869.76,0,58.43,2,7.281614417
Hamburg,Kleiner Grasbrook,1300,,80,2.5,0.760666342
Hamburg,Eimsbüttel,650,,67,3,3.511922161
Hamburg,HafenCity,3890,,94,2,4.909279928
Hamburg,HafenCity,1900,0,57,2,4.08725183
Hamburg,Othmarschen,2500,58,142,3,4.528942705
Hamburg,Eimsbüttel,460,,42,2,4.85112879
Hamburg,HafenCity,2145,4,74.8,2.5,0.023262022
Hamburg,HafenCity,1750,4,58.7,2,0.023262022
Hamburg,HafenCity,1300,4,44.7,1,0.051945868
Hamburg,HafenCity,1275,4,43.3,1,0.051945868
Hamburg,HafenCity,2435,4,114.4,3,0.051945868
Hamburg,Altona,739,,61,2,12.86444437
Hamburg,HafenCity,2005,4,78.1,3,0.047890628
Hamburg,HafenCity,2040,4,75.6,3,0.047890628
Hamburg,HafenCity,2105,4,75.6,3,0.047890628
"Hamburg, Hafencity",HafenCity,1874.84,13,74.5,2,6.189249038
Hamburg,Othmarschen,2500,123,110,3,4.154283695
Hamburg,Othmarschen,8500,123,250,6,5.284873035
Hamburg,Othmarschen,2900,123,95,3,4.678561684
Hamburg,Eimsbüttel,1553,0,62.11,2,4.967469197
Hamburg,Winterhude,960,,65,2,0.514314431
Hamburg,HafenCity,4652,-1,116.29,4,0.18724002
Hamburg,HafenCity,7541,-1,181.69,5,0.18724002
Hamburg,Rotherbaum,892,,40,1,7.073142901
Hamburg,Rotherbaum,1585,,62,2,2.247724957
Hamburg,Rotherbaum,1995,,90,3,3.85291734
Hamburg,Eimsbüttel,1500,,74,3.5,2.137612404
Hamburg,Schnelsen,860,,66,2,1.714136203
Hamburg,Eimsbüttel,2100,2,70,3,3.249658482
Hamburg,Harvestehude,609.5,68,75.34,3,0.255587885
Hamburg,HafenCity,3100,8,130.36,3,0.317074319
Hamburg,Eimsbüttel,563,123,35,1,0.894477853
Hamburg,Kleiner Grasbrook,919,,53,2.5,0.395894189
Hamburg,Steinwerder,1992,,105,5,0.823836878
Hamburg,Rotherbaum,3927.3,11,159,3,3.951843899
Hamburg,Eimsbüttel,500,,56,2,4.661129279
Hamburg,Fuhlsbüttel,650,,49,2,2.27876395
Hamburg,Rotherbaum,3525,134,205.89,6.5,0.0702325
Hamburg,Eimsbüttel,1445,,52,2,3.836101963
Hamburg,Groß Flottbek,2690,99,169,6.5,1.014173325
Hamburg,Stellingen,1300,,50,2,1.509801267
Hamburg,Othmarschen,4300,121,216,5,4.399599305
Hamburg,HafenCity,3598,-1,89.95,3,0.408663144
Hamburg,Eimsbüttel,1400,,84,3,6.23427583
Hamburg,Wilhelmsburg,684,,61,2.5,3.256875844
Hamburg,Harvestehude,1700,127,71,2,4.692062923
Hamburg,Bahrenfeld,750,25,100,2.5,0.48453361
Hamburg,Eimsbüttel,1644.92,8,76,3,1.60958915
Hamburg,HafenCity,2508,-1,65.14,2,0.492084372
Hamburg,HafenCity,1408,-1,45.39,1,0.492084372
Hamburg,HafenCity,5938,-1,136.5,3,0.492084372
Hamburg,Hoheluft-West,2500,,95,4,0.455153475
Hamburg,Hoheluft-West,1295,0,63.2,1.5,0.252163322
Hamburg,Harvestehude,444,,25,1,3.33520901
Hamburg,Harvestehude,2950,42,124,2.5,7.355001776
Hamburg,Harvestehude,4670,133,215,8,4.745029679
Hamburg,Stellingen,2248,-1,125,5,1.573806443
Hamburg,Wilhelmsburg,659,,55,2,3.041199246
Hamburg,Steinwerder,760,,50,2,1.611174735
Hamburg,Hoheluft-West,700,,50,2,5.118765033
Hamburg,Hoheluft-West,950,,73,3,4.541378543
Hamburg,Stellingen,1954.16,30,106.8,4,1.513065594
Hamburg,Wilhelmsburg,608,,55.54,2,2.998859162
Hamburg,Wilhelmsburg,923,,63,3,2.983528086
Hamburg,Lokstedt,1700,,92,3.5,9.025536897
Hamburg,Rotherbaum,1490,,58.1,2,7.667494897
Hamburg,Wilhelmsburg,440,73,41,2,2.841246751
Hamburg,Harvestehude,3156,112,166,5.5,3.022516084
Hamburg,Hoheluft-West,800,120,64.19,3,0.363522205
Hamburg,Hoheluft-West,1100,,95,4,2.912175811
Hamburg,Othmarschen,3500,15,171,5,4.826027579
Hamburg,HafenCity,3150,0,120.8,4,6.500302405
Hamburg,Bahrenfeld,1200,,55,2,1.087738251
Hamburg,Hammerbrook,1127,118,90.4,3,0.9105959
Hamburg,St. Georg,4000,,160,3.5,4.187258921
Hamburg,St. Georg,1742,,104,,0.939897807
Hamburg,Hoheluft-Ost,1200,,67,2.5,6.875266466
Hamburg - St. Georg,St. Georg,2400,123,123.25,4,2.920712135
Hamburg,Hoheluft-Ost,815,,60,2,4.936461872
Hamburg,Hoheluft-Ost,695,62,26,1,0.118317006
Hamburg,Hoheluft-Ost,1350,62,63,2,0.118317006
Hamburg,Lokstedt,695,,90,1,8.088323518
Hamburg,Schnelsen,555,,40,2,0.941126572
Hamburg,Lokstedt,1070,,60,2,0.07535748
Hamburg,Wilhelmsburg,900,,56,2,3.094924272
Hamburg / Harvestehude,Harvestehude,1100,124,35,6,4.849590629
Hamburg,Stellingen,1200,0,57,2,3.906416876
Hamburg - Harvestehude,Harvestehude,3430,120,196.65,7,5.247928211
Hamburg - Harvestehude,Harvestehude,3430,120,196.65,7,4.052523914
Hamburg,Lokstedt,1600,43,75,3,7.01516839
Hamburg - Harvestehude,Harvestehude,2864,120,137.82,5,4.670814486
Hamburg - Harvestehude,Harvestehude,2864,120,137.82,5,7.286823398
Hamburg,Hoheluft-Ost,1800,,93,3,0.290827423
Hamburg,Harvestehude,2350,120,156.74,4,6.915755426
Hamburg,Harvestehude,2350,120,156.74,4,6.778145477
Hamburg,Harvestehude,2000,117,63,3,4.396429209
Hamburg,Stellingen,1445,1,80.86,3,1.004564673
Hamburg / Sankt Georg,St. Georg,2300,6,111,2,
Hamburg,Eppendorf,1975,95,133.25,4.5,0.685375667
Hamburg,Stellingen,440,7,18,1,0.633676563
Hamburg,Finkenwerder,1250,58,91,2,1.744206519
Hamburg,Stellingen,1847,-1,96,3,0.566208363
Hamburg,Stellingen,1710,-1,95,3,0.566208363
Hamburg,Uhlenhorst,5069.4,10,159.28,4.5,0.184197126
Hamburg,Lokstedt,850,22,56,2,1.144352578
Hamburg,Hammerbrook,1195,1,51.68,2,0.431310326
Hamburg,Wilhelmsburg,654,,59.59,2,2.523772203
Hamburg,Wilhelmsburg,610,,50,2,2.506372229
Hamburg,Othmarschen,2510,5,132.22,3,1.47589815
Hamburg,Altona-Nord,885,,73,2.5,0.572048775
Hamburg - Winterhude,Winterhude,3180,123,129,3,4.183617716
Hamburg - Winterhude,Winterhude,3180,123,129,3,6.583370421
Hamburg,Uhlenhorst,3500,69,140.36,3,0.429599756
Hamburg,Uhlenhorst,640,68,22,1,0.114766552
Hamburg,Stellingen,1940,54,89,3,5.162023166
Hamburg,Stellingen,780,,66,2.5,5.664233573
Hamburg,Winterhude,4000,69,156,5,5.660436662
Hamburg,Uhlenhorst,1484.22,133,70,2,0.704499789
Hamburg / Lokstedt,Lokstedt,1800,40,93,3.5,6.141065614
Hamburg,Uhlenhorst,1440,42,72,2,7.283782491
Hamburg,Wilhelmsburg,1350,123,115.55,4.5,1.622346644
Hamburg,Hohenfelde,1190,,23,1,6.180099704
Hamburg,Stellingen,385,67,33.84,1,0.155008517
Hamburg,Veddel,420,,56,2,3.793131887
Hamburg,HafenCity,774,,62,2.5,0.986427024
Hamburg,Bahrenfeld,1650,-1,73.7,3,2.243958027
Hamburg,Bramfeld,1000,,59,2.5,2.868664494
Hamburg,Horn,1382,,93,4,1.242391305
Hamburg,Winterhude,3984,,200,6,4.452872761
Hamburg,Alsterdorf,900,,55,2,0.69730922
Hamburg,Barmbek-Nord,400,,24,1,0.378662148
Hamburg,Eppendorf,3650,115,182.35,3,0.677951437
Hamburg,Hohenfelde,1800,1,52,1,5.983591358
Hamburg,Hohenfelde,1290,70,50,2,3.576559553
Hamburg,Stellingen,2401,-1,125,5,0.055737114
Hamburg,Stellingen,2238,-1,97,4,0.055737114
Hamburg,Stellingen,600,116,28,1,0.285613333
Hamburg,Stellingen,650,28,40,2,0.285613333
Hamburg,Eppendorf,423,,25,1,0.820096657
Hamburg,Altona,1350,,90,3,11.39327612
Hamburg,Winterhude,2300,117,93,2,0.995941395
Hamburg,Uhlenhorst,1300,38,55,2,0.509782345
Hamburg,Eppendorf,1600,,132,5.5,6.266438332
Hamburg,Winterhude,4450,118,200,4,4.891486156
Hamburg,Winterhude,4450,118,200,4,6.029184973
Hamburg,Eppendorf,850,,52,2,1.474264995
Hamburg,Winterhude,1600,,50,2,1.017870331
Hamburg,Rothenburgsort,850,,46,2,0.985371154
Hamburg,Uhlenhorst,1559,,72,3.4,7.05795883
Hamburg,Eimsbüttel,805,,56,2,4.989933225
Hamburg,Finkenwerder,459.77,81,59.71,3,0.136157079
Hamburg,Winterhude,825,,55,1.5,8.311631465
Hamburg,Lokstedt,900,52,31,1,3.735394226
Hamburg,Uhlenhorst,1250,67,59.2,2,0.883288676
Hamburg,Uhlenhorst,1150,67,54.8,2,0.883288676
Hamburg,Nienstedten,2723,21,65,2,4.243911933
Hamburg,Ohlsdorf,500,,40,1,0.320062133
Hamburg,Lokstedt,428.83,16,44.71,2,6.034587752
Hamburg,Winterhude,1380,130,46,2,1.687272947
Hamburg,Eppendorf,1680,,95,3,3.984942668
Hamburg,Winterhude,1000,,70,3,2.429128062
Hamburg,Eimsbüttel,1460,,76,3,0.350480879
Hamburg,Hohenfelde,600,71,67,3,5.619503224
Hamburg,Wilhelmsburg,150,,30,1,6.486311911
Hamburg,Osdorf,1200,,33,1,0.469861111
Hamburg,Kleiner Grasbrook,768,,64,2,0.372313461
Hamburg,Winterhude,1900,,100,3.5,1.092363256
Hamburg,Winterhude,3568.27,105,223.04,6,0.636432633
Hamburg,Barmbek-Süd,2000,123,77,2,1.368327957
Hamburg,Hummelsbüttel,2135,,134,5,0.575616085
Hamburg,Lurup,1450,3,85,3,4.968254807
Hamburg,Barmbek-Süd,1194,,56,,7.30783731
Hamburg,Barmbek-Süd,794.89,,24.11,1,1.265159601
Hamburg,Barmbek-Süd,674.1,,22.47,1,1.265159601
Hamburg,Barmbek-Süd,3490,119,100,4,6.866551048
Hamburg,Wandsbek,459,,30,2,1.078220411
Hamburg,Winterhude,1725,95,63,2,1.116632656
Hamburg,Uhlenhorst,1450,9,67,2,3.349339776
Hamburg,Winterhude,727,,55,2,3.409595071
Hamburg,Barmbek-Süd,1462.58,73,76.46,3,1.013526163
Hamburg,Neustadt,720,,65,3,0.145525108
Hamburg,Borgfelde,1000,,70,2.5,0.180434848
Hamburg,Osdorf,1250,0,69,2,6.708155215
Hamburg,Hamm,1200,,70,3,0.888673044
Hamburg,Eppendorf,1650,3,89.13,3,1.74422873
Hamburg,Rothenburgsort,1062,0,59,2,0.556230937
Hamburg,Rothenburgsort,1275,0,75,3,0.556230937
Hamburg,Rothenburgsort,1419,0,86,4,0.556230937
Hamburg,Winterhude,700,,61,3,5.691566546
Hamburg,Hamm,950,0,61,1,0.558258875
Hamburg,Hamm,2010,69,97,3,4.113852642
Hamburg,Winterhude,682.4,29,62.32,1,0.777911789
Hamburg,Eilbek,1200,,77,3,3.885270713
Hamburg,Osdorf,2603,3,137.1,4,3.346839007
Hamburg,Winterhude,835,122,43,2,6.254895651
Hamburg,Groß Borstel,700,,45,1.5,5.396230523
Hamburg,Harburg,560,,75,2,0.711017738
Hamburg,Steinwerder,506,,85,4,1.65378266
Hamburg,Hamm,892,,68,3,0.880527201
Hamburg,Winterhude,850,,52,2,7.714173363
Hamburg,Winterhude,1400,97,57,2,1.941660813
Hamburg,Groß Borstel,788,93,59,3,6.413808769
Hamburg,Barmbek-Süd,900,,39.38,1,0.560442745
Hamburg,Hamm,1000,,59,3,0.591894761
Hamburg,Eimsbüttel,590,,49,2,8.425119599
Hamburg,Hamm,970,,70,3,0.513541121
Hamburg,Eimsbüttel,1010,,56,3,0.409383522
Hamburg,Eimsbüttel,1399,,94,3,6.258341147
Hamburg,Lokstedt,727,,55,2,0.482568215
Hamburg,Hummelsbüttel,670,,38,2,0.469330497
Hamburg,Eimsbüttel,557,,62,2,7.654603257
Hamburg,Niendorf,1400,,80,3,8.639684235
Hamburg,Eilbek,410,67,29.17,1,0.137418843
Hamburg,Horn,1300,,88,3,0.327930694
Hamburg,Steinwerder,420,,47,2,1.265316095
Hamburg,Winterhude,723.39,95,46.67,2,0.38162648
Hamburg,Lurup,2200,1,130,4,0.319008059
Hamburg,Lurup,1050,1,67,2,0.319008059
Hamburg,Wilhelmsburg,405,,52,2,2.923804633
Hamburg,Tatenberg,405,,52,2,0.520275588
Hamburg,Groß Flottbek,750,,65,3,0.848828713
Hamburg,Lurup,1720,8,100.63,3,4.966259863
Hamburg,Eilbek,470,68,50,1,0.101773149
Hamburg,Barmbek-Süd,770,,70,3,6.935147737
Hamburg,Groß Borstel,1182,28,85,2,0.886271982
Hamburg,Barmbek-Süd,537,67,55.22,2,0.331343177
Hamburg,Nienstedten,2490,47,140,4,7.252558319
Hamburg,Hamm,1242,66,69,3,0.723422426
Hamburg,Bramfeld,633,,53,2,1.213979062
Hamburg,Barmbek-Süd,1120,,70,2,0.275456226
Hamburg,Farmsen-Berne,595,,53,2.5,0.235083001
Hamburg,Winterhude,707,,58,3,1.087422655
Hamburg / Eidelstedt,Eidelstedt,2000,55,65,3,4.380571787
Hamburg,Hamm,1476,5,90,2,0.959304416
Hamburg,Eidelstedt,1783,3,94.64,2,5.722689972
Hamburg,Osdorf,888.3,,59.22,2,1.501957574
Hamburg,Eilbek,1350,0,50,2,0.756802634
Hamburg,Hamm,850,17,56.42,2,0.622045713
Hamburg,Eilbek,408.3,55,18.45,1,2.08183256
Hamburg,Hamm,356,,45,2,7.6195721
Hamburg,Alsterdorf,3200,23,155,4.5,2.287834563
Hamburg,St. Georg,550,,60,2,0.31610333
Hamburg,Iserbrook,995,,65,2,2.411664386
Hamburg,Hamm,769.6,68,60.33,2,1.320296553
Hamburg,Niendorf,1120,51,82.08,2.5,1.310593276
Hamburg,Winterhude,1260,0,64.25,2,1.217069323
Hamburg,Winterhude,1890,0,95.65,3,1.217069323
Hamburg,Winterhude,2180,0,117.2,4,1.217069323
Hamburg,Winterhude,3020,0,160.96,5,1.217069323
Hamburg,Eimsbüttel,740,,71,3,6.194060614
Hamburg,Barmbek-Süd,1450,,115,4,0.231251578
Hamburg,Barmbek-Nord,511,,62,2,0.165461197
Hamburg,Borgfelde,700,,47,2,0.32726821
Hamburg,Eidelstedt,1170,9,72.17,2.5,1.433119723
Hamburg,Hamm,550,71,47.12,2,1.143617024
Hamburg,Iserbrook,1350,2,115,4.5,4.717925403
Hamburg,Alsterdorf,3950,0,209,6.5,4.624237741
Hamburg,Alsterdorf,3200,2,128.36,3,0.335953194
Hamburg,Alsterdorf,2200,1,88.23,3,0.335953194
Hamburg,Alsterdorf,2300,1,93.22,3,0.335953194
Hamburg / Barmbek,Barmbek-Nord,1300,67,65,1,5.399087226
Hamburg,Blankenese,967,87,60,2,2.403810814
Hamburg,Altstadt,720,,52,2,0.361079965
Hamburg,Alsterdorf,675,,50,2,0.436360343
Hamburg,Hausbruch,1155,,72.2,3,5.722047696
Hamburg,Barmbek-Nord,1800,65,53.44,3,0.83088048
Hamburg,Alsterdorf,8950,98,404,11,2.203306382
Hamburg,Bramfeld,784,,58,2,1.39216145
Hamburg,Bramfeld,363,,46,2,1.48750189
Hamburg,Barmbek-Nord,1999,1,89,2,4.859971659
Hamburg,Ohlsdorf,600,,47,2,0.70067566
Hamburg,Barmbek-Nord,2009,,89,2,4.343863082
Hamburg,Marienthal,600,,50,2,1.601576792
Hamburg,Barmbek-Nord,2029,,89,2,3.452200298
Hamburg,Barmbek-Nord,2039,,89,2,6.675963036
Hamburg,Barmbek-Nord,715,,69,2.5,4.864494458
Hamburg,Horn,948.26,63,78.89,4,1.032600308
Hamburg,Horn,417.84,73,40.1,1,1.001652334
Hamburg,Wandsbek,920,75,52.4,2,0.626896818
Hamburg,Eidelstedt,994,14,76.4,3,5.540453737
Hamburg,Iserbrook,2400,23,145,5,4.113821041
Hamburg,Barmbek-Nord,770,85,77,3,0.415960164
Hamburg,Neugraben-Fischbek,930,42,63,2,7.52409098
Hamburg,Barmbek-Nord,1109,,36.5,1,3.765331963
Hamburg,Heimfeld,678.48,85,56.54,2.5,1.272503195
Hamburg,Heimfeld,2534,3,181,5,0.780632341
Hamburg,Heimfeld,900,58,60,3,1.441662643
Hamburg,Wandsbek,1170,68,71,3,0.314866351
Hamburg,Eilbek,586,,51,2,0.076493582
Hamburg,Heimfeld,1284,8,103,4,1.092310256
Hamburg,Wandsbek,1200,51,76.77,3,0.2965783
Hamburg,Heimfeld,1274,8,98,3,1.116204306
Hamburg,Langenhorn,800,,60,2.5,0.168630329
Hamburg,Marienthal,709,67,62,2.5,5.987045743
Hamburg,Blankenese,3950,,226,4.5,5.929463623
Hamburg,Blankenese,1100,59,32,1,0.73779528
Hamburg,Billwerder,457,,59,2,2.882127559
Hamburg,Barmbek-Nord,980,,56,2,0.617959208
Hamburg,Heimfeld,724.5,,28,1,7.491058454
Hamburg,Alsterdorf,680,,100,4,8.424996891
Hamburg,Alsterdorf,826,122,43,2,3.471966427
Hamburg,Eppendorf,700,,44,2,1.3508186
Hamburg,Blankenese,2150,0,107,3,4.658276728
Hamburg,Horn,1220,,65,3,1.00354998
Schenefeld,Schenefeld,900,25,70,3.5,54.79447507
Seevetal,Seevetal,1136,,100,4,8.764900598
Ellerbek,Ellerbek,1800,86,130,4,1.951347857
Hamburg,Wandsbek,3720,,240,6,7.126499156
Hamburg,Niendorf,371,43,9,1,4.041870396
Hamburg-Wandsbek,Wandsbek,822,0,44.22,2,5.796914164
Hamburg,Ohlsdorf,646,73,42.55,1,3.476431127
Hamburg,Wandsbek,1026,,57,2,0.234407895
Hamburg,Horn,665.06,70,50.46,2,0.511175377
Hamburg,Wandsbek,998,45,50,2,3.805653993
Schenefeld,Schenefeld,919.34,28,85.03,4,54.62625352
Hamburg,Heimfeld,1370.64,,114.22,2,1.512869062
Hamburg,Dulsberg,995,58,66.53,3,0.720873312
Hamburg,Harburg,921,4,63.09,2,0.523205516
Hamburg,Horn,730,,55,2,3.290117575
Hamburg,Harburg,218.48,68,26.01,1,1.488219605
Hamburg / Blankenese,Blankenese,2770,115,133,5,6.462474494
Hamburg-Schnelsen,Schnelsen,945,60,70,2.5,3.292071841
Hamburg,Harburg,1191,4,72.17,3,0.863263062
Hamburg,Horn,1108,0,55.42,2,6.846878189
Hamburg,Niendorf,1080,51,56,2,4.264838204
Hamburg,Eidelstedt,640,,62,3,1.870829297
Hamburg-Schnelsen,Schnelsen,1485,1,98.71,4,0.309828818
Hamburg,Eißendorf,1000,49,45,1,1.150669713
Hamburg,Eißendorf,800,49,65,2.5,1.150669713
Pinneberg,Quellental,845,39,80,3,1.964023214
Hamburg,Cranz,759,57,72,2.5,1.236394061
Schenefeld,Schenefeld,1500,19,115,4,54.35934615
Jork,Jork,950,5,73.2,3,8.631050243
Hamburg,Harburg,678.94,63,72.7,3,1.098747207
Hamburg,Wandsbek,1112.84,,82.24,3,0.764065413
Hamburg,Schnelsen,1050,29,84.45,3,1.27817458
Hamburg,Schnelsen,785,29,62.49,2,1.27817458
Ellerbek,Ellerbek,1170,3,86.5,3,2.762655429
Hamburg,Harburg,430,,48,2,6.952507694
Hamburg-Fuhlsbüttel,Fuhlsbüttel,1380,9,80,3,2.157065745
Hamburg,Blankenese,2700,45,158,5,1.371686816
Hamburg / Fischbek,Neugraben-Fischbek,465,51,37,1,3.625096095
Hamburg,Neugraben-Fischbek,1035,4,61.4,2,1.221490557
Hamburg,Neugraben-Fischbek,755,51,74,3,3.268027752
Hamburg,Eißendorf,1257.5,10,88.37,3,0.619484627
Hamburg,Wandsbek,1160,4,56.5,2,6.928712962
Hamburg,Blankenese,1450,,88,4,4.663367549
Hamburg,Eißendorf,928,50,84,3,0.515098339
Hamburg,Hoheluft-Ost,800,,63,3,0.380465325
Hamburg,Fuhlsbüttel,495,111,38.1,2,0.627649052
Hamburg,Fuhlsbüttel,990,1,45,2,7.218812051
Hamburg,Wandsbek,1580,116,79,4,1.181034692
Hamburg,Harburg,600,118,51,2,4.484236648
Hamburg,Harburg,865,4,72.05,2,0.374986918
Rellingen,Rellingen,533,53,40.1,1.5,1.470602049
Hamburg,Schnelsen,350,,28,1,0.532461176
Hamburg,Eißendorf,633.33,,70.37,3,0.213867063
Hamburg,Wandsbek,534,105,40,2,1.498334423
Hamburg,Niendorf,680,,30,1,2.884793696
Hamburg,Sülldorf,1275,3,86,3,5.195771448
Hamburg,Schnelsen,1264,49,79,3,5.52749456
Hamburg,Harburg,687.75,69,45.85,2,0.277492057
Hamburg,Neuenfelde,750,94,105,3,1.169500618
Hamburg,Harburg,675,0,45,2.5,0.275326866
Hamburg,Harburg,500.2,,61.45,2.5,1.047372271
Hamburg,Bramfeld,619.74,62,65.93,3,0.893725538
Hamburg,Harburg,410,120,41,2,0.510168366
Hamburg,Eißendorf,1290,23,100,3,6.88081421
Hamburg,Fuhlsbüttel,1790,21,172,4,6.580329804
Hamburg,Eißendorf,2000,0,90,3,4.21161158
Hamburg,Neugraben-Fischbek,798.14,45,57.01,2,0.499988808
Hamburg,Neugraben-Fischbek,1034.32,45,73.88,3,0.499988808
Schenefeld,Schenefeld,825,41,75,2,55.22222724
Hamburg,Tonndorf,1879,0,99,4,1.217275248
Hamburg,Eißendorf,400,56,27,1,0.835357504
Hamburg,Neugraben-Fischbek,990,,58,2,5.166336056
Hamburg,Billstedt,452,69,38.02,2,1.353332932
Cranz,Cranz,630,54,69.73,3,13.40675473
Rosengarten,Ehestorf,1301.55,38,50,2,4.591887892
Hamburg,Tonndorf,710,5,45.77,2,0.893756693
Hamburg,Neugraben-Fischbek,1395.07,1,121.31,4,2.750575131
Halstenbek,Halstenbek,1430,8,95.88,3,0.541267798
Hamburg,Billstedt,373.6,20,49.63,2,0.983627664
Hamburg,Eißendorf,916,29,78,2,1.263147102
Hamburg,Tonndorf,620,33,41,1,0.60749145
Halstenbek,Halstenbek,1441.5,5,93.01,3,2.202976184
Hamburg,Bramfeld,1050,,60,2,0.266473628
Hamburg,Bramfeld,330,,27,1,6.240271323
Hamburg,Jenfeld,1300,61,63,2.5,1.06669066
Hamburg,Billstedt,323.66,42,42.42,1,0.830359698
Hamburg,Hummelsbüttel,1270,49,90.38,3,0.209307314
Hamburg,Billbrook,850,,50,2,0.595094416
Halstenbek,Halstenbek,660,58,57,2,0.739349188
Hamburg,Marmstorf,847,13,62.4,2,0.376361446
Hamburg,Wilstorf,605,116,56,3,0.818181824
Hamburg,Ohlsdorf,1000,,86,3,0.204866299
Hamburg,Bramfeld,218.09,51,37.72,1,0.540462389
Hamburg,Marmstorf,800,49,40,1,0.288746387
Hamburg,Billstedt,1560,0,96.85,3,0.532783774
Hamburg,Billstedt,1235,0,76.48,2,0.532783774
Hamburg,Billstedt,1585,0,99.17,3,0.532783774
Hamburg,Billstedt,1535,0,96.43,3,0.532783774
Hamburg,Hummelsbüttel,1931,2,106.15,4,0.313874477
Hamburg,Jenfeld,534,,34,2,0.902734362
Hamburg,Rissen,1070,,54.9,2,5.675162425
Hamburg,Rissen,1500,,79.57,3,2.669938203
Hamburg,Rissen,850,,41.37,2,5.852077339
Hamburg,Rissen,650,,30.96,1,3.666534746
Hamburg,Rissen,1500,,79.43,3,6.141244747
Hamburg,Rissen,1700,,94.84,3.5,2.84878577
Hamburg,Rissen,1010,,51.67,2,5.330206427
Hamburg,Rissen,800,,39.89,2,3.614821135
Hamburg,Rissen,830,,41.66,2,5.995211953
Hamburg,Billstedt,790,24,77,3,6.826561445
Hamburg,Tonndorf,800,51,79,2.5,7.071820966
Hamburg,Wilstorf,420,52,36.63,2,0.87037031
Hamburg,Wilstorf,710,53,71.21,3,0.891384014
Hamburg,Langenhorn,640,69,43.44,2,4.866377429
Halstenbek,Halstenbek,1290,24,100,3,0.955454667
Pinneberg,Quellental,1283,58,94,3.5,1.248118954
Halstenbek,Halstenbek,1020,58,68,2,0.76823453
Hamburg,Langenhorn,907,,59,2.5,5.173033379
Hamburg,Hummelsbüttel,1350,52,58,2,0.711576146
Hamburg,Neugraben-Fischbek,1210,1,85.98,3,2.227669681
Hamburg,Wilstorf,333,61,30.85,1,0.96041347
Hamburg,Jenfeld,1290,53,75,3,0.804680373
Hamburg,Neugraben-Fischbek,1030,5,73.55,3,2.802950696
Hamburg,Neugraben-Fischbek,1230,3,98,4,2.336563268
Hamburg,Hummelsbüttel,2400,2,134,4,1.110899798
Hamburg,Marmstorf,1020,47,68,2,0.648571319
Hamburg,Wellingsbüttel,1295,29,97,3,1.856886125
Hamburg,Marmstorf,750,47,64.95,2,0.532438657
Hamburg,Farmsen-Berne,498,60,59.59,2,0.370868535
Hamburg / Hummelsbüttel,Hummelsbüttel,1720,2,99.92,3.5,0.28542069
Hamburg,Tonndorf,750,50,75,3,0.68213675
Hamburg,Farmsen-Berne,515,29,49,2,0.846212594
Hamburg,Billstedt,1795,,128,4,2.276907882
Hamburg,Farmsen-Berne,651,29,62,2,0.856134056
Hamburg,Farmsen-Berne,795,29,67.2,2,1.635640376
Hamburg,Langenbek,558.21,30,45.42,2,0.483391548
Hamburg,Farmsen-Berne,695,8,48,1,1.698469756
Hamburg,Langenhorn,374,80,40.6,2,0.650553299
Hamburg,Bramfeld,1950,64,120,4,4.429681302
Hamburg,Jenfeld,1236,3,72.26,3,0.357418982
Hamburg,Jenfeld,1080,0,60.18,2,4.8159862
Seevetal,Bullenhausen,855,,85.5,3,1.027058554
Hamburg,Jenfeld,1240,3,72.26,2,0.51122106
Quickborn,Quickborn,1008,1,63.17,2,110.2196604
Tangstedt,Tangstedt,1184,1,74.36,3,1.034144703
Hamburg,Schnelsen,1108,1,65.1,2,0.091851696
Rellingen,Egenbüttel,1376,1,86.33,3,0.867326071
Hamburg,Jenfeld,1155,4,96,3,0.44553335
Hamburg / Tonndorf,Tonndorf,1250,42,100.96,4,5.413199523
Hamburg,Poppenbüttel,1150,25,90,3,1.661980005
Hamburg,Wellingsbüttel,1320,95,96,2,1.436655949
Hamburg,Wellingsbüttel,1984.5,4,133.84,3.5,4.863583684
Neu Wulmstorf,Neu Wulmstorf,755,6,67.12,2,3.724116203
Hamburg,Langenhorn,730,62,52,2,1.340501976
Hamburg,Bramfeld,2000,,128,3,1.838939802
Hamburg,Tonndorf,453.53,64,64.79,2.5,4.285402704
Hamburg,Wellingsbüttel,1240,27,80.4,2,1.159179018
Hamburg / Rissen,Rissen,790,39,65.1,2,3.339035767
Hamburg,Volksdorf,450,,56,2,0.938414624
Hamburg,Rissen,1100,58,85,2,0.542528738
Hamburg,Rissen,850,58,85,2,0.542528738
Neu Wulmstorf,Neu Wulmstorf,1480,3,105,3,1.34858158
Hamburg,Ochsenwerder,1025,4,75,3,2.167935606
Hamburg,Rahlstedt,777,26,70.64,2,1.838139763
Pinneberg,Thesdorf,660,48,98,4,0.489834122
Pinneberg,Thesdorf,480,,37,1,0.433192706
Hamburg,Wellingsbüttel,1235,88,90,3,6.321575065
Hamburg,Wellingsbüttel,1600,4,118.74,4,3.493623865
Hamburg,Sinstorf,1800,8,73,2.5,4.789694822
Hamburg,Farmsen-Berne,307.97,52,36.75,1.5,0.788577439
Hamburg,Rahlstedt,989,8,76.7,3,1.625161491
Hamburg,Rahlstedt,1400,0,100,3,6.027007904
Rellingen,Egenbüttel,1500,37,86,3,1.947557363
Norderstedt,Norderstedt,1504,1,94.23,3,4.001495802
Jork,Königreich,500,5,50,2,2.860401172
Borstel-Hohenraden,Borstel-Hohenraden,1260,50,76,3,1.163110778
Hamburg,Wellingsbüttel,950,26,75.84,3,0.596289231
Oststeinbek,Oststeinbek,745,34,73.96,2,1.285259697
Hamburg,Langenhorn,850,120,52,2,0.782318834
Hamburg,Rahlstedt,350,,35,1.5,7.80858647
Hamburg,Rahlstedt,569.9,62,61,2,5.459294283
Hamburg,Rahlstedt,1595,0,77.21,3,1.022158875
Hamburg Langenhorn,Langenhorn,2079.48,,125,3,2.518599889
Neu Wulmstorf,Neu Wulmstorf,1400,,118,3,1.4709292
Neu Wulmstorf,Neu Wulmstorf,650,3,48.11,2,1.530977213
Neu Wulmstorf,Neu Wulmstorf,896,3,76.05,2,1.530977213
Seevetal,Meckelfeld,540,55,44,1,0.865700624
Pinneberg,Thesdorf,1164,30,97,2,0.892576996
Pinneberg,Thesdorf,790,30,70.5,2,0.892576996
Pinneberg,Thesdorf,778.4,30,69.5,2,0.892576996
Pinneberg,Thesdorf,425.6,30,38,1,0.892576996
Oststeinbek,Oststeinbek,715,44,62,2,3.651115266
Jork,Moorende,570,,49,2,3.973845235
Borstel-Hohenraden,Borstel-Hohenraden,1430,61,87,3,0.782852413
Tangstedt,Tangstedt,638,109,45,2,0.972176348
Barsbüttel,Barsbüttel,1500,51,114,3,7.240892916
Wedel,Elbhochufer,678,67,46.75,2,0.407567655
Holm,Holm,1050,6,100,3,1083.895293
Hamburg,Rahlstedt,1300,3,74,3,7.25700193
Rosengarten,Tötensen,1150,51,97,3,4.404072485
Norderstedt,Garstedt,490,14,30,1,1.19372268
Seevetal,Meckelfeld,680,53,68.96,2,0.471810491
Pinneberg,Quellental,785,,72,2,0.825358079
Hamburg,Rahlstedt,828,51,72,2,2.630014436
Pinneberg,Quellental,1295,1,79.89,2,0.679992886
Pinneberg,Quellental,1295,,79.74,3,0.679992886
Pinneberg,Quellental,1285,,79.98,3,0.679992886
Pinneberg,Quellental,1290,,84.59,3,0.679992886
Hamburg,Sasel,1700,2,100,3,4.959917067
Wedel,Elbhochufer,649,66,54.32,3,0.262894644
Norderstedt,Harksheide,935,30,70,2,2.581885804
Norderstedt,Garstedt,650,64,53.42,2.5,0.498772228
Hamburg,Sasel,622,,70,2.5,6.725684494
Hamburg,Rissen,1300,65,66,2.5,2.290220136
Hamburg,Rahlstedt,1590,10,135,3,0.18223919
Norderstedt,Harksheide,640,,66,2,1.420391942
Hamburg,Rahlstedt,1150,10,91,2,0.199461462
Hamburg,Sülldorf,895,40,76,3,3.12851149
Norderstedt,Harksheide,530,,36,1,2.446197206
Hamburg Rahlstedt,Rahlstedt,650,55,33,1,5.359045157
Königreich,Königreich,476.65,31,51,2,3.862729793
Hamburg,Sasel,2495,0,149,6,3.515402827
Hamburg,Rahlstedt,344.18,,45.89,1.5,1.171233865
Hamburg,Rahlstedt,840,26,65,2,5.096615719
Norderstedt,Harksheide,635,50,56,2,2.40984291
Hamburg,Rahlstedt,930,29,80.5,3,1.10321807
Wedel,Schulau West,740,25,72,2,1.025184084
Hamburg,Poppenbüttel,925,50,52,2,5.986281241
Pinneberg,Pinneberg-Nord,975,1,72.71,2,0.812900729
Wedel,Schulau West,735,8,46.67,2,0.192661116
Wedel,Schulau West,1417,8,93.33,3.5,0.145448826
Hamburg,Rahlstedt,1555,-1,112.36,3,1.932342746
Wedel,Marienhof,2008,4,197.22,4,0.306953054
Hasloh,Hasloh,1000,6,73.73,3,0.654610746
Seevetal,Fleestedt,785,5,60,2,0.524152637
Hetlingen,Hetlingen,1621.8,0,102,4,0.982158912
Hamburg,Rahlstedt,542.38,56,56,2,2.311379458
Norderstedt,Glashütte,480,41,38,1,5.360575639
Ladekop,Ladekop,1300,30,103,3,0.181925105
Norderstedt,Garstedt,665,33,59,2,1.846040555
Seevetal - Emmelndorf,Fleestedt,1290,,90,2,3.05364774
Wedel,Marienhof,1215,3,87.22,3,0.495299807
Hamburg,Rahlstedt,619.64,18,61.29,2,1.92128166
Hamburg,Rahlstedt,1450,51,94,4,2.605989326
Hamburg,Sasel,1286,11,119,4,0.308216509
Norderstedt,Glashütte,900,49,72,3,1.676650644
Hamburg,Lohbrügge,895,37,26,1,4.689722691
Hamburg,Rahlstedt,1593,45,118,3,2.007925126
Norderstedt,Glashütte,990,53,78.51,3,0.956946765
Norderstedt,Glashütte,970,53,74.64,3,0.956946765
Hamburg,Rahlstedt,1200,8,79.89,2,2.011283888
Hamburg,Rahlstedt,1100,,74,3,5.053340221
Pinneberg,Pinneberg-Nord,1190,1,90.68,3,0.241739362
Pinneberg,Pinneberg-Nord,1220,1,90.26,3,0.241739362
Pinneberg,Pinneberg-Nord,1195,1,86.85,2,0.250101954
Pinneberg,Pinneberg-Nord,1305,1,106.47,3,0.250101954
Hamburg,Sasel,1625,-1,81.25,3,3.039582741
Haseldorf,Haseldorf,1600,,98,3.5,3.525186444
Hamburg,Bergedorf,335,,40,1,5.698246124
Appen,Etz,952,113,68,3,0.719310369
Hamburg,Allermöhe,701,29,68.9,2,3.716234478
Seevetal,Hittfeld,900,39,76.97,3,1.349600813
Seevetal,Hittfeld,630,39,45.74,1.5,1.335353748
Wedel,Lülanden,1230,29,102.5,3,0.366613394
Neu Wulmstorf / Elstorf,Elstorf,695,33,84.94,3,0.198972053
Hamburg Bergedorf,Lohbrügge,927,4,62,2,4.76297371
Hamburg,Lohbrügge,698.89,5,74.35,3,1.696314918
Hamburg,Lohbrügge,1250,4,82.94,3,5.270797932
Hamburg,Lohbrügge,1099,3,80.78,2,1.893493115
Hamburg,Lemsahl-Mellingstedt,2864,2,167,3,2.34434289
Hamburg,Lemsahl-Mellingstedt,2400,2,150,3.5,3.959911274
Jork,Jork,950,7,88,2,2.702478362
Buxtehude,Buxtehude,1100,19,103,3,1.492442146
Hamburg,Lohbrügge,900,48,67,3,1.687518451
Buxtehude,Buxtehude,1917.2,12,191.72,3,5.808852788
Glinde,Glinde,578,28,49.13,2,30.68162188
Rosengarten,Iddensen,550,,48,1,0.374635678
Hamburg,Volksdorf,1665,2,105.35,4,0.983320023
Glinde,Glinde,594,53,52.5,2,29.74513614
Buxtehude,Buxtehude,791.92,30,70.77,2.5,1.378671523
Buxtehude,Buxtehude,978.93,30,80.77,3,1.378671523
Norderstedt,Harksheide,1401,,96,4,4.66023845
Buxtehude,Buxtehude,625,223,50,2,3.668198188
Hamburg,Lohbrügge,590,123,57,3,6.495347174
Norderstedt,Harksheide,820,23,68.95,2,3.595807728
Buxtehude,Buxtehude,844.8,,106,3,5.493221348
Barsbüttel,Barsbüttel,1080,44,85,2.5,3.34613102
Buxtehude,Buxtehude,640,49,72.7,2.5,0.960605887
Buxtehude,Buxtehude,760,49,85.4,2.5,0.960605887
Hittfeld,Hittfeld,1010,43,101,3,4.947805515
Hittfeld,Hittfeld,760,,76,2,4.888455544
Hittfeld,Hittfeld,1500,43,150,3,6.807213546
Hamburg,Lohbrügge,693,123,65,2,2.355711406
Buxtehude,Buxtehude,800,51,83.27,3,1.19472595
Buxtehude,Buxtehude,750,28,84,3,6.21606871
Seevetal,Hittfeld,1490,,102.64,3,2.473797377
Hamburg,Bergedorf,1378,0,94.58,3,0.671251315
Hamburg,Bergedorf,1258,0,86.53,2,0.671251315
21031 Hamburg,Lohbrügge,790,33,28,1,7.233717484
Seevetal,Hittfeld,1200,,68,2,6.723798861
Hamburg,Lohbrügge,1215,2,64,3,6.113481394
Hamburg,Volksdorf,2390,,175,4,1.237917425
Hamburg,Lohbrügge,570,28,36.72,1,2.574161511
Hamburg,Bergstedt,780,,55,2.5,6.052406557
Reinbek,Schönningstedt,1026,30,101.4,3,0.815945136
Buxtehude,Buxtehude,763.18,11,69.38,2,4.838545953
Buxtehude,Buxtehude,835,72,103.5,2,0.32421413
Hamburg - Volksdorf,Volksdorf,1980,21,118,4,5.655387213
Buxtehude,Buxtehude,815,35,83,3,6.046949968
Reinbek,Schönningstedt,750,,50,2,1.682495049
Buxtehude,Buxtehude,858,7,78,3,0.243950748
Hamburg,Volksdorf,820,,53.59,2,0.486195853
Buxtehude,Buxtehude,554,44,62,2,7.837753839
Hamburg,Bergedorf,645,105,55,2,4.824182267
Glinde,Glinde,1536,22,128,5,30.99670667
Norderstedt,Garstedt,850,0,59.65,2,3.554634275
Norderstedt,Garstedt,1100,0,83.1,3,3.568177208
Norderstedt,Garstedt,850,0,59.6,2,3.568177208
Buxtehude,Buxtehude,860,40,89.31,3,0.264293647
Hamburg-Lemsahl-Mellingstedt,Lemsahl-Mellingstedt,1350,,98,3,5.406630703
Reinbek,Reinbek,350,103,30,1,1.844625804
Norderstedt,Garstedt,1050,0,79.35,3,3.582498581
Norderstedt,Garstedt,1100,0,82.45,3,3.582498581
Norderstedt,Garstedt,1100,0,83.9,3,3.582498581
Rosengarten,Nenndorf,780,49,68,2,4.667960922
Norderstedt,Garstedt,780,0,55.4,2,3.598934169
Hamburg / Bergedorf,Bergedorf,1240,61,73,3,0.203321872
Norderstedt,Garstedt,1050,0,79.05,3,3.642760661
Norderstedt,Garstedt,1100,0,81.75,3,3.655861482
Norderstedt,Harksheide,1700,,116.94,4,1.515953437
Hamburg,Bergedorf,2950,97,174,5.5,7.195601238
Reinbek,Reinbek,910,5,68,2,2.284824756
Reinbek / Neuschönningstedt,Reinbek,795,3,69,2,3.806916439
Hamburg,Lemsahl-Mellingstedt,1465,,114,3,2.152402011
Reinbek,Reinbek,1420,59,150,4.5,6.04083832
Reinbek,Reinbek,518,51,39.3,1,4.611816845
Reinbek,Reinbek,575,51,44.13,1,4.630916088
Reinbek,Reinbek,887,51,71,3,4.630916088
Hamburg,Bergedorf,1420,114,101,3,0.842226277
Buxtehude,Buxtehude,903,,64.5,2,0.792638852
Buxtehude,Buxtehude,630.5,,48.5,1,0.792638852
Buxtehude,Buxtehude,1106,,79,2,0.792638852
Buxtehude,Buxtehude,754,,58,1,0.886472895
Ammersbek,Lottbek,1000,40,83,3,0.552718726
Hamburg,Bergedorf,1600,153,120,4,4.913429681
Hamburg,Bergedorf,1215,43,135,4,3.74466674
Reinbek,Reinbek,452,55,52.75,2,1.440945214
Ammersbek,Lottbek,370,59,39.02,1,0.410493199
Reinbek,Reinbek,495,50,,1,2.111961182
Hamburg,Bergedorf,700,53,59,2,0.901207964
Seevetal,Lindhorst,1250,9,115,3.5,0.233056688
Hamburg,Bergedorf,591,40,59.15,2,1.01579524
Reinbek,Reinbek,745,51,62,2,11.71031876
Buxtehude,Buxtehude,1050,-1,66.48,2,1.056259859
Buxtehude,Buxtehude,845,-1,53.19,2,1.056259859
Buxtehude,Buxtehude,1050,-1,65.79,2,1.056259859
Reinbek,Reinbek,1790,3,130,5,9.330351696
Buxtehude,Buxtehude,680,63,89.47,3,0.95518764
Buxtehude,Buxtehude,700.35,63,66.7,2,4.017670716
Norderstedt,Harksheide,1216,0,75.99,2,2.328493791
Norderstedt,Harksheide,1378,0,86,3,2.328493791
Norderstedt,Harksheide,1428,1,89.24,3,2.328493791
Reinbek,Reinbek,1468,2,111,3.5,4.286008824
Reinbek,Reinbek,795,63,67,3,3.954676697
Buxtehude,Buxtehude,685,59,78.89,4,1.456967142
Stelle,Stelle,782,0,55.88,2,0.84264259
Stelle,Stelle,714,0,47.63,2,0.84264259
Stelle,Stelle,782,0,55.88,2,0.84264259
Stelle,Stelle,1049,0,74.9,3,0.84264259
Seevetal,Helmstorf,820,27,81.9,3,0.113678553
Reinbek,Reinbek,997,7,73.87,3,0.984239757
Appen,Unterglinde,1400,21,150,4,5.747663942
Alveslohe,Alveslohe,1295,,90,3,1.76628514
Alveslohe,Alveslohe,895,,58.28,2,1.787282558
Reinbek,Reinbek,1250.7,59,131,5,3.524376437
Reinbek,Reinbek,640,55,54,2,6.291853345
Hamburg,Duvenstedt,1012.5,,67.5,2,0.40303753
Hamburg / Duvenstedt,Duvenstedt,1600,61,124.5,4,3.909069384
Quickborn,Quickborn,1105,38,68,5,110.116331
Quickborn,Quickborn,1545,,90.04,3,113.8515315
Hamburg,Duvenstedt,1480,28,100,4,0.415861795
Buxtehude,Buxtehude,1100,39,100.7,4,2.014066374
Wentorf bei Hamburg,Wentorf bei Hamburg,1125,0,74.99,2,0.633977296
Hamburg,Wohldorf-Ohlstedt,980,31,85.12,2,5.471972922
Wentorf bei Hamburg,Wentorf bei Hamburg,1061,2,76.41,3,0.581888708
Tornesch,Ahrenlohe,1100,27,101,3,1.31882686
Wentorf bei Hamburg,Wentorf bei Hamburg,895,,77,2,4.825918138
Reinbek,Reinbek,1361.55,0,90.77,4,7.621224822
Reinbek,Reinbek,1972.2,0,131.48,6,7.12100777
Reinbek,Reinbek,1972.2,0,131.48,6,3.850146739
Reinbek,Reinbek,1385.4,0,92.36,4,6.306704196
Reinbek,Reinbek,1361.55,0,90.77,4,4.018000181
Hamburg,Curslack,895,11,73,2,0.470502232
Hamburg,Curslack,1050,,86,3,0.470502232
Norderstedt,Harksheide,859,0,53.7,2,3.628788814
Norderstedt,Harksheide,1302,0,81.37,3,3.628788814
Norderstedt,Harksheide,901,0,56.36,2,3.628788814
Ammersbek / Hoisbüttel,Hoisbüttel,855,,65.39,2,4.423577688
Ammersbek,Hoisbüttel,884,4,66.05,2,6.013429334
Ammersbek,Hoisbüttel,1475,,84.83,3,8.397031321
Ammersbek,Hoisbüttel,1470,,81.68,3,3.946790117
Ammersbek,Hoisbüttel,1425,,81.68,3,5.727509254
Ammersbek,Hoisbüttel,1400,,80.51,3,5.294996754
Ammersbek,Hoisbüttel,1395,,82.71,4,3.274759023
Ammersbek,Hoisbüttel,1135,,73.29,3,2.751610516
Stelle,Stelle,280.63,40,51.61,1,0.960237797
Ellerhoop,Ellerhoop,910,63,66,3,2.47745386
Ahrensburg,Ahrensburg,1420,50,142.38,3,1.801091279
Hetlingen,Hetlingen,648,0,48,2,1.17038098
Quickborn,Quickborn-Heide,900,47,78,2,0.436109452
Steinkirchen,Steinkirchen,546.5,23,62.1,2,601.9257138
Steinkirchen,Steinkirchen,483.7,20,57.79,2,601.939509
Ahrensburg,Ahrensburg,1100,52,90,3,2.948436024
Moorrege,Heidrege,550,57,51.69,2,0.752731947
Seevetal,Seevetal,945,3,71.63,2,2.914855801
Uetersen,Uetersen,367.5,,35.39,1,1.151611442
Appen,Appen,995,0,66.85,3,292.8957687
Heist,Heist,1210,0,80.51,3,507.0324654
Elmshorn,Elmshorn,1100,0,73.17,3,2.285444218
Friedrichsruh,Friedrichsruh,1550,126,110.15,4,182.8300315
Hamburg,Bergedorf,1650,126,119,2,2.448435905
Stelle,Ashausen,1200,,85,2,4.836022735
Ahrensburg,Ahrensburg,720,55,60.39,2,0.417008117
Heist,Bauland,990,1,74.15,3,
Ahrensburg,Ahrensburg,1100,55,75,3,0.337516633
Buchholz in der Nordheide,Buchholz,995,50,91,3,1.767194077
Siek,Siek,850,49,74,3,2.286426603
Stapelfeld,Stapelfeld,1100,4,71,3,0.965844293
Tangstedt,Wilstedt,950,56,100,4,4.53468846
Seevetal / Ramelsloh,Ramelsloh,1840,,160,5,4.943475904
Moorrege,Oberglinde,785,54,71.3,,1.005717926
Buchholz in der Nordheide,Buchholz,575,,56,2,5.269349563
Hamburg,Rahlstedt,1081,4,75.57,3,2.778414244
Brunsbek,Papendorf,1467.12,0,117.37,4,0.237823389
Brunsbek,Papendorf,1389,0,111.12,4,0.237823389
Brunsbek,Papendorf,1367.37,0,109.39,4,0.237823389
Brunsbek,Papendorf,1376.25,0,110.1,4,0.237823389
Brunsbek,Papendorf,1191.83,0,92.39,3,0.237823389
Brunsbek,Papendorf,1461,0,116.88,4,0.237823389
Brunsbek,Papendorf,1393.87,0,111.51,4,0.237823389
Brunsbek,Papendorf,1449.87,0,115.99,4,0.237823389
Brunsbek,Papendorf,1452.75,0,116.22,4,0.237823389
Brunsbek,Papendorf,1458.87,0,116.71,4,0.237823389
Brunsbek,Papendorf,1459.62,0,116.77,4,0.237823389
Brunsbek,Papendorf,1456.37,0,116.51,4,0.237823389
Brunsbek,Papendorf,1191.83,0,92.39,3,0.237823389
Brunsbek,Papendorf,1191.83,0,92.39,3,0.237823389
Brunsbek,Papendorf,1191.83,0,92.39,3,0.237823389
Brunsbek,Papendorf,1191.83,0,92.39,3,0.237823389
Dollern,Dollern,797,0,64.82,2,1.022127951
Buchholz in der Nordheide,Buchholz,1290,5,92,2.5,1.540026455
Seevetal,Ohlendorf,675,,80,2025,0.327366234
Buchholz i.d. Nordheide,Buchholz,795,3,62,2,1.521806743
Buchholz,Buchholz,885,3,66,2,1.504507198
Buchholz,Buchholz,885,3,66.1,2,1.504507198
Buchholz,Buchholz,880,3,74.1,2,1.481246088
Buchholz,Buchholz,1075,3,86.1,3,1.481246088
Mittelnkirchen,Mittelnkirchen,900,123,113,4,2.242190995
Heidgraben,Heidgraben,520,50,39,1,1.848223113
Ahrensburg,Ahrensburg,640,,56,2.5,1.090061832
Aumühle,Aumühle,675,42,65.09,2,1.903399651
Uetersen,Klosterbezirk,735,49,61.93,2.5,0.435937555
Uetersen,Klosterbezirk,840,49,76.11,3.5,0.435937555
Uetersen,Klosterbezirk,515,49,38.4,1,0.435937555
Bendestorf,Bendestorfer Mühle,1150,30,80,3,0.534632641
Ahrensburg,Ahrensburg,825.25,,63.7,3,0.443139623
Ahrensburg,Ahrensburg,1448,20,132,3,0.532973084
Buchholz in der Nordheide,Buchholz,600,63,60.27,2.5,6.80642073
Seester,Seester,725,56,74.68,2.5,1.057818286
Haseldorf,Haseldorf,750,117,72,3,1.695927412
Stapelfeld,Stapelfeld,1000,21,90,3,1.643660008
Ahrensburg,Ahrensburg,940,118,96,3,0.54307058
Siek,Siek,700,65,57,2.5,2.930382726
Uetersen,Klosterbezirk,580,,55,2,1.285096276
Ahrensburg,Ahrensburg,1300,20,115.73,3,0.713990991
Uetersen,Klosterbezirk,750,51,78,2.5,1.211460555
Buchholz,Buchholz,1089,4,83.07,3,2.69646533
Buxtehude,Hedendorf,1104,5,114,3,0.613463519
Hamburg,Neuengamme,1390,24,135,4.5,2.835402392
Buchholz in der Nordheide,Buchholz,770,32,44.81,2,5.833479729
Buchholz in der Nordheide,Buchholz,1270,,116,4,0.932745602
Buchholz in der Nordheide,Buchholz,1299,,116,4,0.932745602
Buchholz,Buchholz,1200,31,111,2.5,0.750151593
Buchholz in der Nordheide,Buchholz,667,22,58,2,5.960295893
Ahrensburg,Ahrensburg,1131.6,10,94.3,3,1.441942732
Buchholz,Buchholz,1275,25,98,3,6.123320768
Buchholz,Buchholz,1280,3,80,3,3.030654036
Goldbeck,Goldbeck,650,51,72,3,168.1855302
Buchholz,Buchholz,1741,0,106,4,3.954190522
Buchholz,Buchholz,1106,0,67,2,4.205230548
Buchholz,Buchholz,1560,0,95,3,7.204186794
Buchholz in der Nordheide,Buchholz,800,57,86,3,0.317384613
Buchholz in der Nordheide,Buchholz,600,57,64,2,0.317384613
Norderstedt,Harksheide,959,53,88.5,4,0.920855401
Henstedt-Ulzburg,Ulzburg Süd,1342,0,92.59,3,0.115856906
Henstedt-Ulzburg,Ulzburg Süd,1225,0,84.61,3,0.115856906
Buchholz in der Nordheide,Buchholz,2000,,162,6,6.240311553
Sauensiek,Sauensiek,980,2,72.8,2,0.609159998
Ahrensburg,Ahrensburg,615,,41.18,1.5,2.031987514
Siek,Siek,900,2,70,3.5,0.22375792
Horneburg,Horneburg,405,52,56.07,2,1.414229675
Horneburg,Horneburg,405,52,56.07,2,1.414229675
Horneburg,Horneburg,925,2,77,3,0.873411369
Buchholz in der Nordheide,Buchholz,1220,9,115,3,0.583386139
Buchholz,Buchholz,1245,1,98.5,2.5,0.722763201
Buchholz in der Nordheide,Buchholz,2800,0,185,4,4.117995767
Buchholz,Buchholz,1295,0,99,2,4.341486603
Buchholz,Buchholz,2678,0,206,5,7.1405655
Dollern,Dollern,730,51,84,2,6.291337411
Henstedt-Ulzburg,Henstedt-Ulzburg,904,1,67,2,4.790042166
Sachsenwald,Sachsenwald,600,,60,2,6.193703732
Ahrensburg,Ahrensburg,1185,1,74.05,2,2.315813949
Ahrensburg,Ahrensburg,1400,0,87.54,3,2.315813949
Ahrensburg,Ahrensburg,1208,0,75.47,2,2.315813949
Ahrensburg,Ahrensburg,938,1,58.63,2,2.315813949
Ahrensburg,Ahrensburg,978.72,0,61.17,2,2.315813949
Ahrensburg,Ahrensburg,1307,1,81.67,3,2.315813949
Hammoor,Hammoor,1092,40,78,3,183.2064478
Bargteheide,Bargteheide,835,0,63,2,0.866028602
Winsen (Luhe),Winsen,227,49,47.32,2,1.780763651
Winsen (Luhe),Winsen,442,49,91.79,4,1.785175
Winsen (Luhe),Winsen,366,49,76.12,3,1.728246796
Hollern-Twielenfleth,Hollern-Twielenfleth,865,,67,2,5.641806029
Beckdorf,Beckdorf,1300,1,104,3,0.928569912
Winsen Luhe,Winsen,450,54,39.1,1,1.58723061
Dollern,Dollern,610,128,78.6,2.5,0.821143197
Marxen,Marxen,578,24,52.55,2,0.769866386
Henstedt-Ulzburg,Ulzburg,1188,1,90,2.5,2.045048537
Guderhandviertel,Guderhandviertel,980,31,117,2,2.553892493
Hamburg,Wohldorf-Ohlstedt,1200,20,135,5,5.213085029
Alveslohe,Alveslohe,1200,27,80,3,1.983426699
Bargstedt,Bargstedt,550,51,60,2,4.494693894
Winsen,Winsen,650,44,63.21,2,1.302929434
Winsen (Luhe),Winsen,1666,113,140,5,4.819017124
Henstedt-Ulzburg,Henstedt,535,28,38,2,0.378029823
Hoisdorf,Hoisdorf,650,73,70,2,1.089226359
Hollern-Twielenfleth,Speersort,703.44,0,58.62,2,1.491582375
Hollern-Twielenfleth,Speersort,787.2,0,65.6,2,1.491582375
Winsen,Winsen,900,44,73.22,3,0.649699841
Winsen (Luhe),Winsen,1100,5,81.08,3,0.60040299
Winsen (Luhe),Winsen,1300,5,101.74,3,0.60040299
Henstedt-Ulzburg,Rhen,1800,18,166.14,4,0.248677716
Henstedt-Ulzburg,Ulzburg,1300,8,100,3,0.468276047
Henstedt-Ulzburg,Ulzburg,1300,8,100,3,0.468276047
Henstedt-Ulzburg,Ulzburg,620,,66,2.5,0.447951897
Jesteburg,Jesteburg,1100,,103,3,1.236059694
Winsen (Luhe),Winsen,400,47,40,1,0.401271719
Winsen,Winsen,710,41,71,3,0.312611115
Henstedt-Ulzburg,Ulzburg,902,8,69,2,0.206624684
Elmshorn,Elmshorn,625,30,53,2,2.207865319
Winsen (Luhe),Winsen,922,5,62.33,2,0.383875187
Winsen (Luhe),Winsen,880,5,63.08,2,0.374318043
Henstedt-Ulzburg,Ulzburg,1360,4,101,3,0.44177385
Buchholz in der Nordheide,Seppensen,940,24,104,3,0.397638667
Hoisdorf,Hoisdorf,1290,123,131,4,2.280487548
Kröppelshagen-Fahrendorf,Kröppelshagen-Fahrendorf,612,7,51,1.5,0.990652797
Elmshorn,Elmshorn,371,56,53,2,1.474084682
Winsen / Luhe,Winsen,244.27,50,37.58,1,6.613616879
Elmshorn,Elmshorn,469.2,56,69,3,1.167604642
Winsen,Winsen,500,31,42.32,1.5,0.915551936
Elmshorn,Elmshorn,890.68,60,77.45,2.2,0.95797434
Bargteheide,Rehagen/Schäferdresch,1678.25,0,99.07,4,
Delingsdorf,Delingsdorf,2544,0,141.44,4,2.562641956
Jersbek,Jersbek,942,0,54.8,2,0.587424634
Nienwohld,Nienwohld,1289.34,0,74.1,3,1.020662161
Bargfeld-Stegen,Bargfeld-Stegen,1725,0,95.84,3,0.540955623
Fischbek,Fischbek,1509.35,0,89.1,4,43.10925083
Bargteheide,Bargteheide,1456,-1,104,4,0.859090065
Geesthacht,Besenhorst,840,2,67.3,2,0.456301555
Tremsbüttel,Tremsbüttel,600,40,48,2,1.163965552
Winsen,Borstel,1100,26,100,3,6.31706669
Börnsen,Neu-Börnsen,700,85,68,3.5,0.963684697
Stade,Stade,830,11,95.6,3,3.517533005
Bargteheide,Bargteheide,1480,63,105,4.5,1.315493407
Stade,Stade,575,8,55,2,3.412135049
Jersbek,Jersbek,600,10,72,2,1.237244395
Obermarschacht,Obermarschacht,860,25,71.5,3,1.099866044
Heede,Heede,535.28,58,54.62,2,1.140784469
Lutzhorn,Lutzhorn,740,133,89.82,3,4.396433284
Stade,Stade,1150,28,110,4,4.685661979
Tespe,Tespe,910,49,77,2,1.766999158
Bargteheide,Bargteheide,1020,123,85,2,2.189935649
Stade,Stade,619,85,83.6,2,3.178156205
Elmshorn,Elmshorn,550,63,56,3,0.512256674
Elmshorn,Elmshorn,670,60,75.75,3,0.716323043
Nahe,Nahe,539,30,64,2,0.434017485
Harsefeld,Harsefeld,530,45,51.26,2.5,6.937385567
Klein Offenseth-Sparrieshoop,Klein Offenseth-Sparrieshoop,1195,51,78,3,1.9028003
Stade,Stade,745,26,78,3,1.223693645
Harsefeld,Harsefeld,995,,87,3,1.106362577
Elmshorn,Elmshorn,835,,69.5,3,1.361786305
Stade,Stade,1050,49,87.4,4,4.996374304
Raa,Raa,1050,31,88,3,0.429986353
Harsefeld,Harsefeld,994,0,49,2,3.045874265
Harsefeld,Harsefeld,1210,0,60.5,2,3.045874265
Harsefeld,Harsefeld,915,,87,3,0.921473591
Alveslohe,Kaden,1105,4,105.16,2,0.21662814
Kaltenkirchen,Kaltenkirchen,890,2,80.52,3,0.841480852
Kaltenkirchen,Kaltenkirchen,685,2,53.1,2,0.841480852
Kasseburg,Kasseburg,600,,68,2,0.378414611
Trittau,Trittau,688,67,83.28,3.5,1.021013575
Stade,Stade,1170,3,98,3,1.036494275
Kaltenkirchen,Kaltenkirchen,730,5,60.34,2,0.772459162
Harsefeld,Harsefeld,1025,7,85.5,3,0.978079266
Kaltenkirchen,Kaltenkirchen,694,53,73.62,2.5,0.780400156
Kaltenkirchen,Kaltenkirchen,694,53,73.62,2.5,0.780400156
Kaltenkirchen,Kaltenkirchen,581.9,53,61.14,1.5,0.780400156
Kaltenkirchen,Kaltenkirchen,804.3,53,91.55,3.5,0.780400156
Kaltenkirchen,Kaltenkirchen,577.9,53,68.88,2,0.780400156
Harsefeld,Harsefeld,850,5,74,3,1.134338815
Stade,Stade,800,,93,3,5.325624047
Alveslohe,Alveslohe,1164.88,0,81.46,3,1.810572377
Alveslohe,Alveslohe,881.34,0,54.07,2,2.230205761
Henstedt-Ulzburg,Henstedt-Ulzburg,1230,2,81,3,1.802190282
Trittau,Trittau,1000,,71,2.5,0.904784373
Stade,Bützfleth,748,36,81.67,2,2.945749987
Harsefeld,Harsefeld,715,4,55,2,0.96579821
Harsefeld,Harsefeld,620,30,75.56,3,2.857002326
Trittau,Trittau,1460,,125,4,0.581244083
Stade,Hagen,1390,4,111,4,2.067539907
Harsefeld,Harsefeld,875,4,73,3,1.204702424
Harsefeld,Harsefeld,780,1,65,3,1.311836082
Geesthacht,Altstadt,295,70,20.93,1,0.450023671
Stade,Stade,1600,0,106.83,3,1.160059515
Stade,Stade,485,40,51.8,2,2.266116403
Stade,Stade,975,40,102.73,4,6.9410977
Trittau,Trittau,1050,,120,2.5,1.041243683
Stade,Stade,670,-1,45.86,1,1.871206397
Stade,Stade,685,-1,47.01,1,6.980968864
Stade,Stade,1565,-1,111.48,4,4.557320741
Stade,Stade,1205,-1,86.02,3,5.129690441
Stade,Stade,1220,-1,86.92,3,6.628013585
Stade,Stade,1220,-1,86.93,3,6.672956177
Schmalfeld,Schmalfeld,949,56,75,3,2.925574869
Hanstedt,Hanstedt,1700,4,140,4,120.8719174
Hanstedt,Hanstedt,650,,60,3,111.5555995
Hamwarde,Hamwarde,1000,42,73,2,0.933122612
Hanstedt,Hanstedt,1700,1,142,3,116.0683527
Stade,Stade,590,2,54.4,2,3.571020671
Kaltenkirchen,Kaltenkirchen,1185,4,99.97,3,0.51994237
Kaltenkirchen,Kaltenkirchen,695,4,55.8,2,0.51994237
Schmalfeld,Schmalfeld,595,0,48.49,2,1.247875048
Schmalfeld,Schmalfeld,1250,3,80.47,3,1.59589962
Kaltenkirchen,Kaltenkirchen,875,23,80,3,0.39453628
Kisdorf,Kisdorf,840.58,0,54.94,2,1.925512731
Nützen,Nützen,1939.33,0,102.07,3,1.351898087
Kattendorf,Kattendorf,1667.7,0,98.1,4,3.914474518
Stade,Stade,600,,50,2,0.85806404
Hanstedt,Hanstedt,880,31,80,2.5,112.4024567
Stade,Stade,449,40,45,1,6.228603416
Nahe,Nahe,1400,11,180,3,1.926573292
Stade,Stade,760,2,62,2,1.417058724
Hanstedt,Hanstedt,900,,90,3,116.5253027
Stade,Stade,930,86,122,4,1.683255806
Stade,Stade,695,60,76,2,6.437599564
Stade,Stade,515,7,51.5,2,2.572997577
Bargstedt,Bargstedt,680,1,66,2,0.420437763
Bargstedt,Bargstedt,610,1,61,2,0.420437763
Bargstedt,Bargstedt,900,1,97,3,0.420437763
Bargstedt,Bargstedt,460,1,46,2,0.420437763
Stade,Stade,580,65,81.9,4,2.641419918
Stade,Stade,550,65,69.77,3,2.641419918
Stade,Stade,365,65,45.96,2,2.641419918
Stade,Stade,530,65,66.71,3,2.641419918
Stade,Stade,530,65,66.71,3,2.641419918
Stade,Stade,550,65,69.36,3,2.641419918
Wistedt,Wistedt,900,,83,3,97.62199565
Steinburg,Steinburg,865,,80,3,56.77964462
Kollow,Kollow,1400,0,99.27,4,1.081183269
Grove,Grove,995,0,79.38,3,0.335926712
Möhnsen,Möhnsen,1050,0,75.04,2,1.265748572
Müssen,Müssen,810,0,60.39,2,58.26813326
Müssen,Müssen,810,0,60.39,2,58.26813326
Schulendorf,Schulendorf,1350,0,98.53,4,2.020253187
Schwarzenbek,Schmiedekamp,995,33,79.61,3.5,0.377782186
Stade,Haddorf,720,53,53,2,2.641864275
Ahlerstedt,Ahlerstedt,1190,0,108.4,3,0.624818482
Schwarzenbek,Uhlenhorst,973,1,81.03,2,0.672634717
Schwarzenbek,Uhlenhorst,996,1,83,2,0.672634717
Grove,Grove,945,2,75,3,0.250094291
Drochtersen,Assel,545,49,67,3,0.127616679
Neversdorf,Neversdorf,950,26,90,3,1.252474515
Drochtersen,Assel,380,,48,2,2.697839892
Drochtersen,Assel,795,,100,4,3.124986842
Drochtersen,Assel,695,,76,2,5.57658597
Salzhausen,Salzhausen,590,,68.13,2,0.650455074
Salzhausen,Salzhausen,730,51,73,3,6.184357329
Bad Oldesloe,Bad Oldesloe,850,56,72,3,4.181160018
Bredenbekshorst,Bredenbekshorst,750,26,86,3,0.77009809
Bimöhlen,Bimöhlen,1050,53,82,3,1.093288044
Drochtersen,Drochtersen,535,53,56,2,4.127637285
Bad Oldesloe,Bad Oldesloe,1280,,113,3,0.365357034
Drochtersen,Drochtersen,470,16,62.85,2,4.085299265
Schnakenbek,Schnakenbek,1040,49,104,2,1.484394621
Juliusburg,Juliusburg,1080,49,108,2,0.19043342
Brietlingen-Moorburg,Brietlingen-Moorburg,425,,50,2,0.17762735
Altspringhirsch,Altspringhirsch,605,49,55,2,
Drochtersen,Drochtersen,590,,78.51,3,4.133379248
Drochtersen,Drochtersen,450,24,75,2,3.937836041
Bad Oldesloe,Bad Oldesloe,725,18,73,2,1.023682287
Sittensen,Sittensen,1055,0,87.68,3,7.826260096
Sittensen,Sittensen,1240,0,112.7,3,5.99331609
Sittensen,Sittensen,720,0,60.02,2,6.142245536
Sittensen,Sittensen,720,0,59.72,2,8.292413288
Sittensen,Sittensen,765,0,63.71,2,2.67267191
Sittensen,Sittensen,1000,0,83.3,3,2.38931445
Sittensen,Sittensen,970,0,80.89,3,6.227353975
Sittensen,Sittensen,1260,0,114.32,3,5.996555135
Sittensen,Sittensen,770,0,64.02,2,1.356051661
Sittensen,Sittensen,735,29,72.14,3,8.06786569
Drochtersen,Drochtersen,653,52,87,3,3.54674386
Drochtersen,Drochtersen,578,52,77,3,3.54674386
Drochtersen,Drochtersen,637.5,41,85,3.5,4.565893009
Drochtersen,Drochtersen,300,93,42.22,2,4.228683321
Bad Bramstedt,Bad Bramstedt,1176,0,84,2,3.806972944
Bad Bramstedt,Bad Bramstedt,1120,0,80,2,3.806972944
Drochtersen,Drochtersen,888,-1,80,3,2.411244549
Bad Bramstedt,Bad Bramstedt,1450,19,118,4,4.337672747
Reppenstedt,Reppenstedt,725,30,70,3,7.240261097
Reppenstedt,Reppenstedt,487,48,69.55,3,0.523801852
Himmelpforten,Himmelpforten,450,,46,2,3.448185902
Adendorf,Adendorf,1920,19,192,4,739.0566526
Glückstadt,Glückstadt,485,35,59.99,2,0.577831035
Kollmar,Kollmar,730,,104,3,3.486225734
Drochtersen,Drochtersen,705.76,1,64.26,2,6.139662191
Brietlingen-Moorburg,Brietlingen-Moorburg,600,,64,3,0.544986855
Lüneburg,Kreideberg,835,,70,3,0.422228327
Adendorf,Adendorf,720,52,75.77,3,735.3962559
Glückstadt,Glückstadt,480,56,69.78,3,1.538614324
Lüneburg,Mittelfeld,228,,30.4,,0.571199708
Lauenburg/Elbe,Oberstadt,360,72,38.29,2,0.209243105
Lüneburg,Kreideberg,1600,,99,3,3.145257555
Lüneburg,Altstadt,1150,,99,3,5.70600463
Lauenburg/Elbe,Oberstadt,290,74,29.69,1.5,0.361403252
Lüneburg,Altstadt,650,,49.93,2,0.254187704
Lüneburg,Mittelfeld,620,223,65,2,0.268875778
Lüneburg,Mittelfeld,1071,38,89,3,3.905324053
Lüneburg,Mittelfeld,995,38,82.9,3,5.282542202
Lüneburg,Mittelfeld,995,38,82.9,3,4.690241972
Lüneburg,Altstadt,800,,39,1,6.442093866
Roseburg,Roseburg,675,,91,3,3.792272355
Fintel,Fintel,642.07,0,49.39,2,2.293011778
Schneverdingen,Schneverdingen,1084.07,0,83.39,3,6.72971192
Vahlde,Vahlde,1077.44,0,82.88,3,1.163105799
Otter,Otter,821.47,0,63.19,2,2.117768998
Schneverdingen,Schneverdingen,821.47,0,63.19,2,9.783594177
Schneverdingen,Schneverdingen,744.38,0,57.26,2,7.058601988
Schneverdingen,Schneverdingen,821.47,0,63.19,2,6.140750628
Schneverdingen,Schneverdingen,651.04,0,50.08,2,11.41972486
Scheeßel,Scheeßel,821.47,0,63.19,2,9.173845122
Schneverdingen,Schneverdingen,821.47,0,63.19,2,7.854295832
Schneverdingen,Schneverdingen,889.46,0,68.42,2,13.88099538
Lüneburg,Lüne-Moorfeld,1450,59,112,4,2.766060108
Lüneburg,Rotes Feld,662.5,,53,2,5.2967232
Lüneburg,Schützenplatz,850,60,80,3,0.250710443
Lüneburg,Schützenplatz,620,,55.98,,0.297162443
Lüneburg,Lüne-Moorfeld,1180,5,84.5,3,6.205995328
Lüneburg,Schützenplatz,410,6,21.08,1,0.456316603
Lüneburg,Neu Hagen,680,,51.79,2,0.758190011
Lüneburg,Neu Hagen,800,,57.8,2,0.744173204
Lüneburg,Neu Hagen,730,,65.94,,0.747541098
Lüneburg,Neu Hagen,690,,65.94,,0.747541098
Lüneburg,Neu Hagen,440,,33.44,,0.743025147
Lüneburg,Oedeme,1730,85,157,4,6.992247501
Lüneburg,Oedeme,998,28,80.52,2,2.960583737
Lüneburg,Bockelsberg,550,,57,2,5.624595971
Lüneburg,Ebensberg,1550,6,160,4,0.129961917
Lüneburg,Rettmer,1550,,112.55,5,3.76097759
Zweedorf,Zweedorf,600,122,48,2,99.40150486
Großenaspe,Großenaspe,980,71,70.5,2,1.111623214
Reinfeld,Reinfeld,1195,,84.38,3,214.8002405
Meddewade,Meddewade,895,,64.12,2,0.938130815
Kellinghusen,Kellinghusen,408,,37.58,2,0.460054983
Lüneburg,Kaltenmoor,710,,81.56,3,4.118156743
Lüneburg,Kaltenmoor,598,,67.15,3,3.476635597
Lüneburg,Kaltenmoor,642,,72.13,3,5.37048638
Lüneburg,Kaltenmoor,464,,51.54,2,3.879174929
Lüneburg,Kaltenmoor,454,28,53.44,2,0.519283728
Wischhafen,Wischhafen,650,2,66.6,2,2.967312858
Wischhafen,Wischhafen,650,2,66.57,2,2.75755414
Negernbötel,Negernbötel,695,39,65,2,1.845585073
Scheeßel / Sothel,Sothel,845,48,134,4,4.850787905
Bad Segeberg,Bad Segeberg,642,,61.15,2,0.720105763
Bad Segeberg,Bad Segeberg,795,,72.34,4,0.720105763
Bad Segeberg,Bad Segeberg,734,67,61.21,3,0.688584811
Bad Segeberg,Bad Segeberg,875,67,87.58,3,0.711735112
Bad Segeberg,Bad Segeberg,460,,45.71,2,0.62001164
Schneverdingen,Schneverdingen,818,0,62.96,2,4.464839922
Schneverdingen,Schneverdingen,1006,0,77.38,2,4.843048994
Schneverdingen,Schneverdingen,1236,0,88.32,2,5.868884479
Schneverdingen,Schneverdingen,1047,0,80.52,3,6.276967405
Schneverdingen,Schneverdingen,990,1,82.51,2,5.128868227
Schneverdingen,Schneverdingen,840,3,84,2,4.890564296
Schneverdingen,Schneverdingen,233,49,45.5,2,0.715272887
Niendorf/Stecknitz,Niendorf/Stecknitz,940,1,84,2,1.887843299
Mölln,Mölln,800,1,66.4,2,0.892915635
Schneverdingen,Schneverdingen,900,2,92,3,2.064640629
Neversdorf,Neversdorf,840,31,93,5,1.985793763
Mölln,Mölln,1290,29,129,3,0.899922839
Bebensee,Bebensee,946,6,86,3,1.92080672
Itzehoe,Kratt,400,72,56.69,2.5,0.539921231
Lehmrade,Lehmrade,840,38,83,2,0.898143694
Amelinghausen,Amelinghausen,297,48,54.01,2,0.343961142
Itzehoe,Wellenkamp,419.52,56,66.59,2,0.330216083
